Variable_Num,Type,Long_Name,Short_Name,Numeric_Name,CGCS_Name,Age,Sex,N,Mean,SD
75,Linear,,,,,6,Male,,,
75,Linear,,,,,7,Male,,,
75,Linear,,,,,8,Male,,,
75,Linear,,,,,9,Male,,,
75,Linear,,,,,10,Male,,,
75,Linear,,,,,11,Male,,,
75,Linear,,,,,12,Male,,,
75,Linear,,,,,13,Male,,,
75,Linear,,,,,14,Male,,,
75,Linear,,,,,15,Male,,,
75,Linear,,,,,16,Male,,,
75,Linear,,,,,6,Female,,,
75,Linear,,,,,7,Female,,,
75,Linear,,,,,8,Female,,,
75,Linear,,,,,9,Female,,,
75,Linear,,,,,10,Female,,,
75,Linear,,,,,11,Female,,,
75,Linear,,,,,12,Female,,,
75,Linear,,,,,13,Female,,,
75,Linear,,,,,14,Female,,,
75,Linear,,,,,15,Female,,,
75,Linear,,,,,16,Female,,,
76,Linear,,,,,6,Male,,,
76,Linear,,,,,7,Male,,,
76,Linear,,,,,8,Male,,,
76,Linear,,,,,9,Male,,,
76,Linear,,,,,10,Male,,,
76,Linear,,,,,11,Male,,,
76,Linear,,,,,12,Male,,,
76,Linear,,,,,13,Male,,,
76,Linear,,,,,14,Male,,,
76,Linear,,,,,15,Male,,,
76,Linear,,,,,16,Male,,,
76,Linear,,,,,6,Female,,,
76,Linear,,,,,7,Female,,,
76,Linear,,,,,8,Female,,,
76,Linear,,,,,9,Female,,,
76,Linear,,,,,10,Female,,,
76,Linear,,,,,11,Female,,,
76,Linear,,,,,12,Female,,,
76,Linear,,,,,13,Female,,,
76,Linear,,,,,14,Female,,,
76,Linear,,,,,15,Female,,,
76,Linear,,,,,16,Female,,,
77,Linear,,,,,6,Male,,,
77,Linear,,,,,7,Male,,,
77,Linear,,,,,8,Male,,,
77,Linear,,,,,9,Male,,,
77,Linear,,,,,10,Male,,,
77,Linear,,,,,11,Male,,,
77,Linear,,,,,12,Male,,,
77,Linear,,,,,13,Male,,,
77,Linear,,,,,14,Male,,,
77,Linear,,,,,15,Male,,,
77,Linear,,,,,16,Male,,,
77,Linear,,,,,6,Female,,,
77,Linear,,,,,7,Female,,,
77,Linear,,,,,8,Female,,,
77,Linear,,,,,9,Female,,,
77,Linear,,,,,10,Female,,,
77,Linear,,,,,11,Female,,,
77,Linear,,,,,12,Female,,,
77,Linear,,,,,13,Female,,,
77,Linear,,,,,14,Female,,,
77,Linear,,,,,15,Female,,,
77,Linear,,,,,16,Female,,,
78,Linear,Condylion-Pogonion,CO-PG,33-3,condylion_pogonion,6,Male,37,101.8,4.4
78,Linear,Condylion-Pogonion,CO-PG,33-3,condylion_pogonion,7,Male,44,104.1,3.5
78,Linear,Condylion-Pogonion,CO-PG,33-3,condylion_pogonion,8,Male,44,107.8,3.8
78,Linear,Condylion-Pogonion,CO-PG,33-3,condylion_pogonion,9,Male,47,109.9,4
78,Linear,Condylion-Pogonion,CO-PG,33-3,condylion_pogonion,10,Male,46,112.8,4
78,Linear,Condylion-Pogonion,CO-PG,33-3,condylion_pogonion,11,Male,43,115.8,4.5
78,Linear,Condylion-Pogonion,CO-PG,33-3,condylion_pogonion,12,Male,44,117.9,4.8
78,Linear,Condylion-Pogonion,CO-PG,33-3,condylion_pogonion,13,Male,43,121,5.5
78,Linear,Condylion-Pogonion,CO-PG,33-3,condylion_pogonion,14,Male,40,124.1,5.9
78,Linear,Condylion-Pogonion,CO-PG,33-3,condylion_pogonion,15,Male,33,126.3,5.1
78,Linear,Condylion-Pogonion,CO-PG,33-3,condylion_pogonion,16,Male,23,130.9,5.7
78,Linear,Condylion-Pogonion,CO-PG,33-3,condylion_pogonion,6,Female,25,98.9,4.3
78,Linear,Condylion-Pogonion,CO-PG,33-3,condylion_pogonion,7,Female,31,101.6,4.6
78,Linear,Condylion-Pogonion,CO-PG,33-3,condylion_pogonion,8,Female,36,104.5,5
78,Linear,Condylion-Pogonion,CO-PG,33-3,condylion_pogonion,9,Female,31,106.7,5.2
78,Linear,Condylion-Pogonion,CO-PG,33-3,condylion_pogonion,10,Female,35,109.5,4.9
78,Linear,Condylion-Pogonion,CO-PG,33-3,condylion_pogonion,11,Female,30,111.6,4.9
78,Linear,Condylion-Pogonion,CO-PG,33-3,condylion_pogonion,12,Female,27,114,4.6
78,Linear,Condylion-Pogonion,CO-PG,33-3,condylion_pogonion,13,Female,29,116.1,3.9
78,Linear,Condylion-Pogonion,CO-PG,33-3,condylion_pogonion,14,Female,25,118.1,3.9
78,Linear,Condylion-Pogonion,CO-PG,33-3,condylion_pogonion,15,Female,19,120.1,5.1
78,Linear,Condylion-Pogonion,CO-PG,33-3,condylion_pogonion,16,Female,9,121.4,3.9
79,Linear,Condylion-Gnathion,CO-GN,33-2,,6,Male,37,103,4.5
79,Linear,Condylion-Gnathion,CO-GN,33-2,,7,Male,44,105.3,3.6
79,Linear,Condylion-Gnathion,CO-GN,33-2,,8,Male,44,109.2,3.8
79,Linear,Condylion-Gnathion,CO-GN,33-2,,9,Male,47,111.7,3.9
79,Linear,Condylion-Gnathion,CO-GN,33-2,,10,Male,46,114.5,3.9
79,Linear,Condylion-Gnathion,CO-GN,33-2,,11,Male,43,117.6,4.3
79,Linear,Condylion-Gnathion,CO-GN,33-2,,12,Male,44,119.7,4.5
79,Linear,Condylion-Gnathion,CO-GN,33-2,,13,Male,43,123.1,5.5
79,Linear,Condylion-Gnathion,CO-GN,33-2,,14,Male,40,126.5,5.7
79,Linear,Condylion-Gnathion,CO-GN,33-2,,15,Male,33,128.7,5
79,Linear,Condylion-Gnathion,CO-GN,33-2,,16,Male,23,133.6,5.4
79,Linear,Condylion-Gnathion,CO-GN,33-2,,6,Female,25,100.5,4.1
79,Linear,Condylion-Gnathion,CO-GN,33-2,,7,Female,31,103.3,4.4
79,Linear,Condylion-Gnathion,CO-GN,33-2,,8,Female,36,106.3,4.7
79,Linear,Condylion-Gnathion,CO-GN,33-2,,9,Female,31,108.3,5
79,Linear,Condylion-Gnathion,CO-GN,33-2,,10,Female,35,111.3,4.9
79,Linear,Condylion-Gnathion,CO-GN,33-2,,11,Female,30,113.4,4.7
79,Linear,Condylion-Gnathion,CO-GN,33-2,,12,Female,27,115.7,4.6
79,Linear,Condylion-Gnathion,CO-GN,33-2,,13,Female,29,117.8,4.3
79,Linear,Condylion-Gnathion,CO-GN,33-2,,14,Female,25,119.9,4
79,Linear,Condylion-Gnathion,CO-GN,33-2,,15,Female,19,122,4.9
79,Linear,Condylion-Gnathion,CO-GN,33-2,,16,Female,9,123.6,4
80,Linear,,,,,6,Male,,,
80,Linear,,,,,7,Male,,,
80,Linear,,,,,8,Male,,,
80,Linear,,,,,9,Male,,,
80,Linear,,,,,10,Male,,,
80,Linear,,,,,11,Male,,,
80,Linear,,,,,12,Male,,,
80,Linear,,,,,13,Male,,,
80,Linear,,,,,14,Male,,,
80,Linear,,,,,15,Male,,,
80,Linear,,,,,16,Male,,,
80,Linear,,,,,6,Female,,,
80,Linear,,,,,7,Female,,,
80,Linear,,,,,8,Female,,,
80,Linear,,,,,9,Female,,,
80,Linear,,,,,10,Female,,,
80,Linear,,,,,11,Female,,,
80,Linear,,,,,12,Female,,,
80,Linear,,,,,13,Female,,,
80,Linear,,,,,14,Female,,,
80,Linear,,,,,15,Female,,,
80,Linear,,,,,16,Female,,,
81,Linear,Condylion-Gonion,CO-GO,33-27,condylion_gonion,6,Male,37,48.7,3.5
81,Linear,Condylion-Gonion,CO-GO,33-27,condylion_gonion,7,Male,44,49.1,3.4
81,Linear,Condylion-Gonion,CO-GO,33-27,condylion_gonion,8,Male,44,51.3,3.1
81,Linear,Condylion-Gonion,CO-GO,33-27,condylion_gonion,9,Male,47,52.8,3.3
81,Linear,Condylion-Gonion,CO-GO,33-27,condylion_gonion,10,Male,46,54,3.5
81,Linear,Condylion-Gonion,CO-GO,33-27,condylion_gonion,11,Male,43,55.8,3.5
81,Linear,Condylion-Gonion,CO-GO,33-27,condylion_gonion,12,Male,44,57.2,3.9
81,Linear,Condylion-Gonion,CO-GO,33-27,condylion_gonion,13,Male,43,59.4,4.2
81,Linear,Condylion-Gonion,CO-GO,33-27,condylion_gonion,14,Male,40,61.6,4.4
81,Linear,Condylion-Gonion,CO-GO,33-27,condylion_gonion,15,Male,33,62.7,4.1
81,Linear,Condylion-Gonion,CO-GO,33-27,condylion_gonion,16,Male,23,66.1,4.1
81,Linear,Condylion-Gonion,CO-GO,33-27,condylion_gonion,6,Female,25,46.5,2.9
81,Linear,Condylion-Gonion,CO-GO,33-27,condylion_gonion,7,Female,31,47.7,2.8
81,Linear,Condylion-Gonion,CO-GO,33-27,condylion_gonion,8,Female,36,49.1,2.9
81,Linear,Condylion-Gonion,CO-GO,33-27,condylion_gonion,9,Female,31,50.8,2.9
81,Linear,Condylion-Gonion,CO-GO,33-27,condylion_gonion,10,Female,35,51.5,2.7
81,Linear,Condylion-Gonion,CO-GO,33-27,condylion_gonion,11,Female,30,52.4,2.8
81,Linear,Condylion-Gonion,CO-GO,33-27,condylion_gonion,12,Female,27,54.6,3.9
81,Linear,Condylion-Gonion,CO-GO,33-27,condylion_gonion,13,Female,29,55.4,3.8
81,Linear,Condylion-Gonion,CO-GO,33-27,condylion_gonion,14,Female,25,56.8,3.5
81,Linear,Condylion-Gonion,CO-GO,33-27,condylion_gonion,15,Female,19,58.9,3.4
81,Linear,Condylion-Gonion,CO-GO,33-27,condylion_gonion,16,Female,9,60.5,2.4
82,Linear,,,,,6,Male,,,
82,Linear,,,,,7,Male,,,
82,Linear,,,,,8,Male,,,
82,Linear,,,,,9,Male,,,
82,Linear,,,,,10,Male,,,
82,Linear,,,,,11,Male,,,
82,Linear,,,,,12,Male,,,
82,Linear,,,,,13,Male,,,
82,Linear,,,,,14,Male,,,
82,Linear,,,,,15,Male,,,
82,Linear,,,,,16,Male,,,
82,Linear,,,,,6,Female,,,
82,Linear,,,,,7,Female,,,
82,Linear,,,,,8,Female,,,
82,Linear,,,,,9,Female,,,
82,Linear,,,,,10,Female,,,
82,Linear,,,,,11,Female,,,
82,Linear,,,,,12,Female,,,
82,Linear,,,,,13,Female,,,
82,Linear,,,,,14,Female,,,
82,Linear,,,,,15,Female,,,
82,Linear,,,,,16,Female,,,
83,Linear,,,,,6,Male,,,
83,Linear,,,,,7,Male,,,
83,Linear,,,,,8,Male,,,
83,Linear,,,,,9,Male,,,
83,Linear,,,,,10,Male,,,
83,Linear,,,,,11,Male,,,
83,Linear,,,,,12,Male,,,
83,Linear,,,,,13,Male,,,
83,Linear,,,,,14,Male,,,
83,Linear,,,,,15,Male,,,
83,Linear,,,,,16,Male,,,
83,Linear,,,,,6,Female,,,
83,Linear,,,,,7,Female,,,
83,Linear,,,,,8,Female,,,
83,Linear,,,,,9,Female,,,
83,Linear,,,,,10,Female,,,
83,Linear,,,,,11,Female,,,
83,Linear,,,,,12,Female,,,
83,Linear,,,,,13,Female,,,
83,Linear,,,,,14,Female,,,
83,Linear,,,,,15,Female,,,
83,Linear,,,,,16,Female,,,
84,Linear,,,,,6,Male,,,
84,Linear,,,,,7,Male,,,
84,Linear,,,,,8,Male,,,
84,Linear,,,,,9,Male,,,
84,Linear,,,,,10,Male,,,
84,Linear,,,,,11,Male,,,
84,Linear,,,,,12,Male,,,
84,Linear,,,,,13,Male,,,
84,Linear,,,,,14,Male,,,
84,Linear,,,,,15,Male,,,
84,Linear,,,,,16,Male,,,
84,Linear,,,,,6,Female,,,
84,Linear,,,,,7,Female,,,
84,Linear,,,,,8,Female,,,
84,Linear,,,,,9,Female,,,
84,Linear,,,,,10,Female,,,
84,Linear,,,,,11,Female,,,
84,Linear,,,,,12,Female,,,
84,Linear,,,,,13,Female,,,
84,Linear,,,,,14,Female,,,
84,Linear,,,,,15,Female,,,
84,Linear,,,,,16,Female,,,
85,Linear,Articulare-Pogonion,AR-PG,31-3,articulare_pogonion,6,Male,37,96.8,3.7
85,Linear,Articulare-Pogonion,AR-PG,31-3,articulare_pogonion,7,Male,44,99.1,3.2
85,Linear,Articulare-Pogonion,AR-PG,31-3,articulare_pogonion,8,Male,44,102.4,3.3
85,Linear,Articulare-Pogonion,AR-PG,31-3,articulare_pogonion,9,Male,47,104.4,3.5
85,Linear,Articulare-Pogonion,AR-PG,31-3,articulare_pogonion,10,Male,46,106.9,3.4
85,Linear,Articulare-Pogonion,AR-PG,31-3,articulare_pogonion,11,Male,43,109.6,4
85,Linear,Articulare-Pogonion,AR-PG,31-3,articulare_pogonion,12,Male,44,111.6,4.2
85,Linear,Articulare-Pogonion,AR-PG,31-3,articulare_pogonion,13,Male,43,114.2,5.2
85,Linear,Articulare-Pogonion,AR-PG,31-3,articulare_pogonion,14,Male,40,116.9,5.4
85,Linear,Articulare-Pogonion,AR-PG,31-3,articulare_pogonion,15,Male,33,119.7,4.3
85,Linear,Articulare-Pogonion,AR-PG,31-3,articulare_pogonion,16,Male,23,123.7,5
85,Linear,Articulare-Pogonion,AR-PG,31-3,articulare_pogonion,6,Female,25,93.9,5.1
85,Linear,Articulare-Pogonion,AR-PG,31-3,articulare_pogonion,7,Female,31,96.4,4.9
85,Linear,Articulare-Pogonion,AR-PG,31-3,articulare_pogonion,8,Female,36,99.4,5.5
85,Linear,Articulare-Pogonion,AR-PG,31-3,articulare_pogonion,9,Female,31,101.1,5.2
85,Linear,Articulare-Pogonion,AR-PG,31-3,articulare_pogonion,10,Female,35,103.8,5.2
85,Linear,Articulare-Pogonion,AR-PG,31-3,articulare_pogonion,11,Female,30,105.8,5.2
85,Linear,Articulare-Pogonion,AR-PG,31-3,articulare_pogonion,12,Female,27,108.4,5
85,Linear,Articulare-Pogonion,AR-PG,31-3,articulare_pogonion,13,Female,29,110.1,4.8
85,Linear,Articulare-Pogonion,AR-PG,31-3,articulare_pogonion,14,Female,25,112,5
85,Linear,Articulare-Pogonion,AR-PG,31-3,articulare_pogonion,15,Female,19,113.8,5.9
85,Linear,Articulare-Pogonion,AR-PG,31-3,articulare_pogonion,16,Female,9,115.2,4.9
86,Linear,,,,,6,Male,,,
86,Linear,,,,,7,Male,,,
86,Linear,,,,,8,Male,,,
86,Linear,,,,,9,Male,,,
86,Linear,,,,,10,Male,,,
86,Linear,,,,,11,Male,,,
86,Linear,,,,,12,Male,,,
86,Linear,,,,,13,Male,,,
86,Linear,,,,,14,Male,,,
86,Linear,,,,,15,Male,,,
86,Linear,,,,,16,Male,,,
86,Linear,,,,,6,Female,,,
86,Linear,,,,,7,Female,,,
86,Linear,,,,,8,Female,,,
86,Linear,,,,,9,Female,,,
86,Linear,,,,,10,Female,,,
86,Linear,,,,,11,Female,,,
86,Linear,,,,,12,Female,,,
86,Linear,,,,,13,Female,,,
86,Linear,,,,,14,Female,,,
86,Linear,,,,,15,Female,,,
86,Linear,,,,,16,Female,,,
87,Linear,,,,,6,Male,,,
87,Linear,,,,,7,Male,,,
87,Linear,,,,,8,Male,,,
87,Linear,,,,,9,Male,,,
87,Linear,,,,,10,Male,,,
87,Linear,,,,,11,Male,,,
87,Linear,,,,,12,Male,,,
87,Linear,,,,,13,Male,,,
87,Linear,,,,,14,Male,,,
87,Linear,,,,,15,Male,,,
87,Linear,,,,,16,Male,,,
87,Linear,,,,,6,Female,,,
87,Linear,,,,,7,Female,,,
87,Linear,,,,,8,Female,,,
87,Linear,,,,,9,Female,,,
87,Linear,,,,,10,Female,,,
87,Linear,,,,,11,Female,,,
87,Linear,,,,,12,Female,,,
87,Linear,,,,,13,Female,,,
87,Linear,,,,,14,Female,,,
87,Linear,,,,,15,Female,,,
87,Linear,,,,,16,Female,,,
88,Linear,,,,,6,Male,,,
88,Linear,,,,,7,Male,,,
88,Linear,,,,,8,Male,,,
88,Linear,,,,,9,Male,,,
88,Linear,,,,,10,Male,,,
88,Linear,,,,,11,Male,,,
88,Linear,,,,,12,Male,,,
88,Linear,,,,,13,Male,,,
88,Linear,,,,,14,Male,,,
88,Linear,,,,,15,Male,,,
88,Linear,,,,,16,Male,,,
88,Linear,,,,,6,Female,,,
88,Linear,,,,,7,Female,,,
88,Linear,,,,,8,Female,,,
88,Linear,,,,,9,Female,,,
88,Linear,,,,,10,Female,,,
88,Linear,,,,,11,Female,,,
88,Linear,,,,,12,Female,,,
88,Linear,,,,,13,Female,,,
88,Linear,,,,,14,Female,,,
88,Linear,,,,,15,Female,,,
88,Linear,,,,,16,Female,,,
89,Linear,,,,,6,Male,,,
89,Linear,,,,,7,Male,,,
89,Linear,,,,,8,Male,,,
89,Linear,,,,,9,Male,,,
89,Linear,,,,,10,Male,,,
89,Linear,,,,,11,Male,,,
89,Linear,,,,,12,Male,,,
89,Linear,,,,,13,Male,,,
89,Linear,,,,,14,Male,,,
89,Linear,,,,,15,Male,,,
89,Linear,,,,,16,Male,,,
89,Linear,,,,,6,Female,,,
89,Linear,,,,,7,Female,,,
89,Linear,,,,,8,Female,,,
89,Linear,,,,,9,Female,,,
89,Linear,,,,,10,Female,,,
89,Linear,,,,,11,Female,,,
89,Linear,,,,,12,Female,,,
89,Linear,,,,,13,Female,,,
89,Linear,,,,,14,Female,,,
89,Linear,,,,,15,Female,,,
89,Linear,,,,,16,Female,,,
90,Linear,,,,,6,Male,,,
90,Linear,,,,,7,Male,,,
90,Linear,,,,,8,Male,,,
90,Linear,,,,,9,Male,,,
90,Linear,,,,,10,Male,,,
90,Linear,,,,,11,Male,,,
90,Linear,,,,,12,Male,,,
90,Linear,,,,,13,Male,,,
90,Linear,,,,,14,Male,,,
90,Linear,,,,,15,Male,,,
90,Linear,,,,,16,Male,,,
90,Linear,,,,,6,Female,,,
90,Linear,,,,,7,Female,,,
90,Linear,,,,,8,Female,,,
90,Linear,,,,,9,Female,,,
90,Linear,,,,,10,Female,,,
90,Linear,,,,,11,Female,,,
90,Linear,,,,,12,Female,,,
90,Linear,,,,,13,Female,,,
90,Linear,,,,,14,Female,,,
90,Linear,,,,,15,Female,,,
90,Linear,,,,,16,Female,,,
91,Linear,,,,,6,Male,,,
91,Linear,,,,,7,Male,,,
91,Linear,,,,,8,Male,,,
91,Linear,,,,,9,Male,,,
91,Linear,,,,,10,Male,,,
91,Linear,,,,,11,Male,,,
91,Linear,,,,,12,Male,,,
91,Linear,,,,,13,Male,,,
91,Linear,,,,,14,Male,,,
91,Linear,,,,,15,Male,,,
91,Linear,,,,,16,Male,,,
91,Linear,,,,,6,Female,,,
91,Linear,,,,,7,Female,,,
91,Linear,,,,,8,Female,,,
91,Linear,,,,,9,Female,,,
91,Linear,,,,,10,Female,,,
91,Linear,,,,,11,Female,,,
91,Linear,,,,,12,Female,,,
91,Linear,,,,,13,Female,,,
91,Linear,,,,,14,Female,,,
91,Linear,,,,,15,Female,,,
91,Linear,,,,,16,Female,,,
92,Linear,Gonion-Pogonion,GO-PG,27-3,gonion_pogonion,6,Male,37,66.1,2.8
92,Linear,Gonion-Pogonion,GO-PG,27-3,gonion_pogonion,7,Male,44,68.9,3
92,Linear,Gonion-Pogonion,GO-PG,27-3,gonion_pogonion,8,Male,44,71.2,2.9
92,Linear,Gonion-Pogonion,GO-PG,27-3,gonion_pogonion,9,Male,47,73,2.7
92,Linear,Gonion-Pogonion,GO-PG,27-3,gonion_pogonion,10,Male,46,75.1,2.8
92,Linear,Gonion-Pogonion,GO-PG,27-3,gonion_pogonion,11,Male,43,77.1,3.2
92,Linear,Gonion-Pogonion,GO-PG,27-3,gonion_pogonion,12,Male,44,78.5,3.4
92,Linear,Gonion-Pogonion,GO-PG,27-3,gonion_pogonion,13,Male,43,80.4,3.7
92,Linear,Gonion-Pogonion,GO-PG,27-3,gonion_pogonion,14,Male,40,82.8,4
92,Linear,Gonion-Pogonion,GO-PG,27-3,gonion_pogonion,15,Male,33,84.3,4.1
92,Linear,Gonion-Pogonion,GO-PG,27-3,gonion_pogonion,16,Male,23,86.5,3.7
92,Linear,Gonion-Pogonion,GO-PG,27-3,gonion_pogonion,6,Female,25,66.1,4.2
92,Linear,Gonion-Pogonion,GO-PG,27-3,gonion_pogonion,7,Female,31,67.9,3.9
92,Linear,Gonion-Pogonion,GO-PG,27-3,gonion_pogonion,8,Female,36,70.4,4.2
92,Linear,Gonion-Pogonion,GO-PG,27-3,gonion_pogonion,9,Female,31,71.7,4.5
92,Linear,Gonion-Pogonion,GO-PG,27-3,gonion_pogonion,10,Female,35,74,4.2
92,Linear,Gonion-Pogonion,GO-PG,27-3,gonion_pogonion,11,Female,30,75.7,4.2
92,Linear,Gonion-Pogonion,GO-PG,27-3,gonion_pogonion,12,Female,27,76.6,3.8
92,Linear,Gonion-Pogonion,GO-PG,27-3,gonion_pogonion,13,Female,29,78.4,4
92,Linear,Gonion-Pogonion,GO-PG,27-3,gonion_pogonion,14,Female,25,79.4,3.7
92,Linear,Gonion-Pogonion,GO-PG,27-3,gonion_pogonion,15,Female,19,80.6,3.9
92,Linear,Gonion-Pogonion,GO-PG,27-3,gonion_pogonion,16,Female,9,81.5,3.8
93,Linear,,,,,6,Male,,,
93,Linear,,,,,7,Male,,,
93,Linear,,,,,8,Male,,,
93,Linear,,,,,9,Male,,,
93,Linear,,,,,10,Male,,,
93,Linear,,,,,11,Male,,,
93,Linear,,,,,12,Male,,,
93,Linear,,,,,13,Male,,,
93,Linear,,,,,14,Male,,,
93,Linear,,,,,15,Male,,,
93,Linear,,,,,16,Male,,,
93,Linear,,,,,6,Female,,,
93,Linear,,,,,7,Female,,,
93,Linear,,,,,8,Female,,,
93,Linear,,,,,9,Female,,,
93,Linear,,,,,10,Female,,,
93,Linear,,,,,11,Female,,,
93,Linear,,,,,12,Female,,,
93,Linear,,,,,13,Female,,,
93,Linear,,,,,14,Female,,,
93,Linear,,,,,15,Female,,,
93,Linear,,,,,16,Female,,,
94,Linear,,,,,6,Male,,,
94,Linear,,,,,7,Male,,,
94,Linear,,,,,8,Male,,,
94,Linear,,,,,9,Male,,,
94,Linear,,,,,10,Male,,,
94,Linear,,,,,11,Male,,,
94,Linear,,,,,12,Male,,,
94,Linear,,,,,13,Male,,,
94,Linear,,,,,14,Male,,,
94,Linear,,,,,15,Male,,,
94,Linear,,,,,16,Male,,,
94,Linear,,,,,6,Female,,,
94,Linear,,,,,7,Female,,,
94,Linear,,,,,8,Female,,,
94,Linear,,,,,9,Female,,,
94,Linear,,,,,10,Female,,,
94,Linear,,,,,11,Female,,,
94,Linear,,,,,12,Female,,,
94,Linear,,,,,13,Female,,,
94,Linear,,,,,14,Female,,,
94,Linear,,,,,15,Female,,,
94,Linear,,,,,16,Female,,,
95,Linear,,,,,6,Male,,,
95,Linear,,,,,7,Male,,,
95,Linear,,,,,8,Male,,,
95,Linear,,,,,9,Male,,,
95,Linear,,,,,10,Male,,,
95,Linear,,,,,11,Male,,,
95,Linear,,,,,12,Male,,,
95,Linear,,,,,13,Male,,,
95,Linear,,,,,14,Male,,,
95,Linear,,,,,15,Male,,,
95,Linear,,,,,16,Male,,,
95,Linear,,,,,6,Female,,,
95,Linear,,,,,7,Female,,,
95,Linear,,,,,8,Female,,,
95,Linear,,,,,9,Female,,,
95,Linear,,,,,10,Female,,,
95,Linear,,,,,11,Female,,,
95,Linear,,,,,12,Female,,,
95,Linear,,,,,13,Female,,,
95,Linear,,,,,14,Female,,,
95,Linear,,,,,15,Female,,,
95,Linear,,,,,16,Female,,,
96,Linear,,,,,6,Male,,,
96,Linear,,,,,7,Male,,,
96,Linear,,,,,8,Male,,,
96,Linear,,,,,9,Male,,,
96,Linear,,,,,10,Male,,,
96,Linear,,,,,11,Male,,,
96,Linear,,,,,12,Male,,,
96,Linear,,,,,13,Male,,,
96,Linear,,,,,14,Male,,,
96,Linear,,,,,15,Male,,,
96,Linear,,,,,16,Male,,,
96,Linear,,,,,6,Female,,,
96,Linear,,,,,7,Female,,,
96,Linear,,,,,8,Female,,,
96,Linear,,,,,9,Female,,,
96,Linear,,,,,10,Female,,,
96,Linear,,,,,11,Female,,,
96,Linear,,,,,12,Female,,,
96,Linear,,,,,13,Female,,,
96,Linear,,,,,14,Female,,,
96,Linear,,,,,15,Female,,,
96,Linear,,,,,16,Female,,,
97,Linear,,,,,6,Male,,,
97,Linear,,,,,7,Male,,,
97,Linear,,,,,8,Male,,,
97,Linear,,,,,9,Male,,,
97,Linear,,,,,10,Male,,,
97,Linear,,,,,11,Male,,,
97,Linear,,,,,12,Male,,,
97,Linear,,,,,13,Male,,,
97,Linear,,,,,14,Male,,,
97,Linear,,,,,15,Male,,,
97,Linear,,,,,16,Male,,,
97,Linear,,,,,6,Female,,,
97,Linear,,,,,7,Female,,,
97,Linear,,,,,8,Female,,,
97,Linear,,,,,9,Female,,,
97,Linear,,,,,10,Female,,,
97,Linear,,,,,11,Female,,,
97,Linear,,,,,12,Female,,,
97,Linear,,,,,13,Female,,,
97,Linear,,,,,14,Female,,,
97,Linear,,,,,15,Female,,,
97,Linear,,,,,16,Female,,,
98,Linear,,,,,6,Male,,,
98,Linear,,,,,7,Male,,,
98,Linear,,,,,8,Male,,,
98,Linear,,,,,9,Male,,,
98,Linear,,,,,10,Male,,,
98,Linear,,,,,11,Male,,,
98,Linear,,,,,12,Male,,,
98,Linear,,,,,13,Male,,,
98,Linear,,,,,14,Male,,,
98,Linear,,,,,15,Male,,,
98,Linear,,,,,16,Male,,,
98,Linear,,,,,6,Female,,,
98,Linear,,,,,7,Female,,,
98,Linear,,,,,8,Female,,,
98,Linear,,,,,9,Female,,,
98,Linear,,,,,10,Female,,,
98,Linear,,,,,11,Female,,,
98,Linear,,,,,12,Female,,,
98,Linear,,,,,13,Female,,,
98,Linear,,,,,14,Female,,,
98,Linear,,,,,15,Female,,,
98,Linear,,,,,16,Female,,,
99,Linear,,,,,6,Male,,,
99,Linear,,,,,7,Male,,,
99,Linear,,,,,8,Male,,,
99,Linear,,,,,9,Male,,,
99,Linear,,,,,10,Male,,,
99,Linear,,,,,11,Male,,,
99,Linear,,,,,12,Male,,,
99,Linear,,,,,13,Male,,,
99,Linear,,,,,14,Male,,,
99,Linear,,,,,15,Male,,,
99,Linear,,,,,16,Male,,,
99,Linear,,,,,6,Female,,,
99,Linear,,,,,7,Female,,,
99,Linear,,,,,8,Female,,,
99,Linear,,,,,9,Female,,,
99,Linear,,,,,10,Female,,,
99,Linear,,,,,11,Female,,,
99,Linear,,,,,12,Female,,,
99,Linear,,,,,13,Female,,,
99,Linear,,,,,14,Female,,,
99,Linear,,,,,15,Female,,,
99,Linear,,,,,16,Female,,,
100,Linear,,,,,6,Male,,,
100,Linear,,,,,7,Male,,,
100,Linear,,,,,8,Male,,,
100,Linear,,,,,9,Male,,,
100,Linear,,,,,10,Male,,,
100,Linear,,,,,11,Male,,,
100,Linear,,,,,12,Male,,,
100,Linear,,,,,13,Male,,,
100,Linear,,,,,14,Male,,,
100,Linear,,,,,15,Male,,,
100,Linear,,,,,16,Male,,,
100,Linear,,,,,6,Female,,,
100,Linear,,,,,7,Female,,,
100,Linear,,,,,8,Female,,,
100,Linear,,,,,9,Female,,,
100,Linear,,,,,10,Female,,,
100,Linear,,,,,11,Female,,,
100,Linear,,,,,12,Female,,,
100,Linear,,,,,13,Female,,,
100,Linear,,,,,14,Female,,,
100,Linear,,,,,15,Female,,,
100,Linear,,,,,16,Female,,,
101,Linear,,,,,6,Male,,,
101,Linear,,,,,7,Male,,,
101,Linear,,,,,8,Male,,,
101,Linear,,,,,9,Male,,,
101,Linear,,,,,10,Male,,,
101,Linear,,,,,11,Male,,,
101,Linear,,,,,12,Male,,,
101,Linear,,,,,13,Male,,,
101,Linear,,,,,14,Male,,,
101,Linear,,,,,15,Male,,,
101,Linear,,,,,16,Male,,,
101,Linear,,,,,6,Female,,,
101,Linear,,,,,7,Female,,,
101,Linear,,,,,8,Female,,,
101,Linear,,,,,9,Female,,,
101,Linear,,,,,10,Female,,,
101,Linear,,,,,11,Female,,,
101,Linear,,,,,12,Female,,,
101,Linear,,,,,13,Female,,,
101,Linear,,,,,14,Female,,,
101,Linear,,,,,15,Female,,,
101,Linear,,,,,16,Female,,,
102,Linear,,,,,6,Male,,,
102,Linear,,,,,7,Male,,,
102,Linear,,,,,8,Male,,,
102,Linear,,,,,9,Male,,,
102,Linear,,,,,10,Male,,,
102,Linear,,,,,11,Male,,,
102,Linear,,,,,12,Male,,,
102,Linear,,,,,13,Male,,,
102,Linear,,,,,14,Male,,,
102,Linear,,,,,15,Male,,,
102,Linear,,,,,16,Male,,,
102,Linear,,,,,6,Female,,,
102,Linear,,,,,7,Female,,,
102,Linear,,,,,8,Female,,,
102,Linear,,,,,9,Female,,,
102,Linear,,,,,10,Female,,,
102,Linear,,,,,11,Female,,,
102,Linear,,,,,12,Female,,,
102,Linear,,,,,13,Female,,,
102,Linear,,,,,14,Female,,,
102,Linear,,,,,15,Female,,,
102,Linear,,,,,16,Female,,,
103,Linear,,,,,6,Male,,,
103,Linear,,,,,7,Male,,,
103,Linear,,,,,8,Male,,,
103,Linear,,,,,9,Male,,,
103,Linear,,,,,10,Male,,,
103,Linear,,,,,11,Male,,,
103,Linear,,,,,12,Male,,,
103,Linear,,,,,13,Male,,,
103,Linear,,,,,14,Male,,,
103,Linear,,,,,15,Male,,,
103,Linear,,,,,16,Male,,,
103,Linear,,,,,6,Female,,,
103,Linear,,,,,7,Female,,,
103,Linear,,,,,8,Female,,,
103,Linear,,,,,9,Female,,,
103,Linear,,,,,10,Female,,,
103,Linear,,,,,11,Female,,,
103,Linear,,,,,12,Female,,,
103,Linear,,,,,13,Female,,,
103,Linear,,,,,14,Female,,,
103,Linear,,,,,15,Female,,,
103,Linear,,,,,16,Female,,,
104,Linear,,,,,6,Male,,,
104,Linear,,,,,7,Male,,,
104,Linear,,,,,8,Male,,,
104,Linear,,,,,9,Male,,,
104,Linear,,,,,10,Male,,,
104,Linear,,,,,11,Male,,,
104,Linear,,,,,12,Male,,,
104,Linear,,,,,13,Male,,,
104,Linear,,,,,14,Male,,,
104,Linear,,,,,15,Male,,,
104,Linear,,,,,16,Male,,,
104,Linear,,,,,6,Female,,,
104,Linear,,,,,7,Female,,,
104,Linear,,,,,8,Female,,,
104,Linear,,,,,9,Female,,,
104,Linear,,,,,10,Female,,,
104,Linear,,,,,11,Female,,,
104,Linear,,,,,12,Female,,,
104,Linear,,,,,13,Female,,,
104,Linear,,,,,14,Female,,,
104,Linear,,,,,15,Female,,,
104,Linear,,,,,16,Female,,,
105,Linear,,,,,6,Male,,,
105,Linear,,,,,7,Male,,,
105,Linear,,,,,8,Male,,,
105,Linear,,,,,9,Male,,,
105,Linear,,,,,10,Male,,,
105,Linear,,,,,11,Male,,,
105,Linear,,,,,12,Male,,,
105,Linear,,,,,13,Male,,,
105,Linear,,,,,14,Male,,,
105,Linear,,,,,15,Male,,,
105,Linear,,,,,16,Male,,,
105,Linear,,,,,6,Female,,,
105,Linear,,,,,7,Female,,,
105,Linear,,,,,8,Female,,,
105,Linear,,,,,9,Female,,,
105,Linear,,,,,10,Female,,,
105,Linear,,,,,11,Female,,,
105,Linear,,,,,12,Female,,,
105,Linear,,,,,13,Female,,,
105,Linear,,,,,14,Female,,,
105,Linear,,,,,15,Female,,,
105,Linear,,,,,16,Female,,,
106,Linear,,,,,6,Male,,,
106,Linear,,,,,7,Male,,,
106,Linear,,,,,8,Male,,,
106,Linear,,,,,9,Male,,,
106,Linear,,,,,10,Male,,,
106,Linear,,,,,11,Male,,,
106,Linear,,,,,12,Male,,,
106,Linear,,,,,13,Male,,,
106,Linear,,,,,14,Male,,,
106,Linear,,,,,15,Male,,,
106,Linear,,,,,16,Male,,,
106,Linear,,,,,6,Female,,,
106,Linear,,,,,7,Female,,,
106,Linear,,,,,8,Female,,,
106,Linear,,,,,9,Female,,,
106,Linear,,,,,10,Female,,,
106,Linear,,,,,11,Female,,,
106,Linear,,,,,12,Female,,,
106,Linear,,,,,13,Female,,,
106,Linear,,,,,14,Female,,,
106,Linear,,,,,15,Female,,,
106,Linear,,,,,16,Female,,,
107,Linear,,,,,6,Male,,,
107,Linear,,,,,7,Male,,,
107,Linear,,,,,8,Male,,,
107,Linear,,,,,9,Male,,,
107,Linear,,,,,10,Male,,,
107,Linear,,,,,11,Male,,,
107,Linear,,,,,12,Male,,,
107,Linear,,,,,13,Male,,,
107,Linear,,,,,14,Male,,,
107,Linear,,,,,15,Male,,,
107,Linear,,,,,16,Male,,,
107,Linear,,,,,6,Female,,,
107,Linear,,,,,7,Female,,,
107,Linear,,,,,8,Female,,,
107,Linear,,,,,9,Female,,,
107,Linear,,,,,10,Female,,,
107,Linear,,,,,11,Female,,,
107,Linear,,,,,12,Female,,,
107,Linear,,,,,13,Female,,,
107,Linear,,,,,14,Female,,,
107,Linear,,,,,15,Female,,,
107,Linear,,,,,16,Female,,,
108,Linear,,,,,6,Male,,,
108,Linear,,,,,7,Male,,,
108,Linear,,,,,8,Male,,,
108,Linear,,,,,9,Male,,,
108,Linear,,,,,10,Male,,,
108,Linear,,,,,11,Male,,,
108,Linear,,,,,12,Male,,,
108,Linear,,,,,13,Male,,,
108,Linear,,,,,14,Male,,,
108,Linear,,,,,15,Male,,,
108,Linear,,,,,16,Male,,,
108,Linear,,,,,6,Female,,,
108,Linear,,,,,7,Female,,,
108,Linear,,,,,8,Female,,,
108,Linear,,,,,9,Female,,,
108,Linear,,,,,10,Female,,,
108,Linear,,,,,11,Female,,,
108,Linear,,,,,12,Female,,,
108,Linear,,,,,13,Female,,,
108,Linear,,,,,14,Female,,,
108,Linear,,,,,15,Female,,,
108,Linear,,,,,16,Female,,,
109,Linear,,,,,6,Male,,,
109,Linear,,,,,7,Male,,,
109,Linear,,,,,8,Male,,,
109,Linear,,,,,9,Male,,,
109,Linear,,,,,10,Male,,,
109,Linear,,,,,11,Male,,,
109,Linear,,,,,12,Male,,,
109,Linear,,,,,13,Male,,,
109,Linear,,,,,14,Male,,,
109,Linear,,,,,15,Male,,,
109,Linear,,,,,16,Male,,,
109,Linear,,,,,6,Female,,,
109,Linear,,,,,7,Female,,,
109,Linear,,,,,8,Female,,,
109,Linear,,,,,9,Female,,,
109,Linear,,,,,10,Female,,,
109,Linear,,,,,11,Female,,,
109,Linear,,,,,12,Female,,,
109,Linear,,,,,13,Female,,,
109,Linear,,,,,14,Female,,,
109,Linear,,,,,15,Female,,,
109,Linear,,,,,16,Female,,,
110,Linear,,,,,6,Male,,,
110,Linear,,,,,7,Male,,,
110,Linear,,,,,8,Male,,,
110,Linear,,,,,9,Male,,,
110,Linear,,,,,10,Male,,,
110,Linear,,,,,11,Male,,,
110,Linear,,,,,12,Male,,,
110,Linear,,,,,13,Male,,,
110,Linear,,,,,14,Male,,,
110,Linear,,,,,15,Male,,,
110,Linear,,,,,16,Male,,,
110,Linear,,,,,6,Female,,,
110,Linear,,,,,7,Female,,,
110,Linear,,,,,8,Female,,,
110,Linear,,,,,9,Female,,,
110,Linear,,,,,10,Female,,,
110,Linear,,,,,11,Female,,,
110,Linear,,,,,12,Female,,,
110,Linear,,,,,13,Female,,,
110,Linear,,,,,14,Female,,,
110,Linear,,,,,15,Female,,,
110,Linear,,,,,16,Female,,,
111,Linear,,,,,6,Male,,,
111,Linear,,,,,7,Male,,,
111,Linear,,,,,8,Male,,,
111,Linear,,,,,9,Male,,,
111,Linear,,,,,10,Male,,,
111,Linear,,,,,11,Male,,,
111,Linear,,,,,12,Male,,,
111,Linear,,,,,13,Male,,,
111,Linear,,,,,14,Male,,,
111,Linear,,,,,15,Male,,,
111,Linear,,,,,16,Male,,,
111,Linear,,,,,6,Female,,,
111,Linear,,,,,7,Female,,,
111,Linear,,,,,8,Female,,,
111,Linear,,,,,9,Female,,,
111,Linear,,,,,10,Female,,,
111,Linear,,,,,11,Female,,,
111,Linear,,,,,12,Female,,,
111,Linear,,,,,13,Female,,,
111,Linear,,,,,14,Female,,,
111,Linear,,,,,15,Female,,,
111,Linear,,,,,16,Female,,,
112,Linear,,,,,6,Male,,,
112,Linear,,,,,7,Male,,,
112,Linear,,,,,8,Male,,,
112,Linear,,,,,9,Male,,,
112,Linear,,,,,10,Male,,,
112,Linear,,,,,11,Male,,,
112,Linear,,,,,12,Male,,,
112,Linear,,,,,13,Male,,,
112,Linear,,,,,14,Male,,,
112,Linear,,,,,15,Male,,,
112,Linear,,,,,16,Male,,,
112,Linear,,,,,6,Female,,,
112,Linear,,,,,7,Female,,,
112,Linear,,,,,8,Female,,,
112,Linear,,,,,9,Female,,,
112,Linear,,,,,10,Female,,,
112,Linear,,,,,11,Female,,,
112,Linear,,,,,12,Female,,,
112,Linear,,,,,13,Female,,,
112,Linear,,,,,14,Female,,,
112,Linear,,,,,15,Female,,,
112,Linear,,,,,16,Female,,,
113,Linear,,,,,6,Male,,,
113,Linear,,,,,7,Male,,,
113,Linear,,,,,8,Male,,,
113,Linear,,,,,9,Male,,,
113,Linear,,,,,10,Male,,,
113,Linear,,,,,11,Male,,,
113,Linear,,,,,12,Male,,,
113,Linear,,,,,13,Male,,,
113,Linear,,,,,14,Male,,,
113,Linear,,,,,15,Male,,,
113,Linear,,,,,16,Male,,,
113,Linear,,,,,6,Female,,,
113,Linear,,,,,7,Female,,,
113,Linear,,,,,8,Female,,,
113,Linear,,,,,9,Female,,,
113,Linear,,,,,10,Female,,,
113,Linear,,,,,11,Female,,,
113,Linear,,,,,12,Female,,,
113,Linear,,,,,13,Female,,,
113,Linear,,,,,14,Female,,,
113,Linear,,,,,15,Female,,,
113,Linear,,,,,16,Female,,,
114,Linear,,,,,6,Male,,,
114,Linear,,,,,7,Male,,,
114,Linear,,,,,8,Male,,,
114,Linear,,,,,9,Male,,,
114,Linear,,,,,10,Male,,,
114,Linear,,,,,11,Male,,,
114,Linear,,,,,12,Male,,,
114,Linear,,,,,13,Male,,,
114,Linear,,,,,14,Male,,,
114,Linear,,,,,15,Male,,,
114,Linear,,,,,16,Male,,,
114,Linear,,,,,6,Female,,,
114,Linear,,,,,7,Female,,,
114,Linear,,,,,8,Female,,,
114,Linear,,,,,9,Female,,,
114,Linear,,,,,10,Female,,,
114,Linear,,,,,11,Female,,,
114,Linear,,,,,12,Female,,,
114,Linear,,,,,13,Female,,,
114,Linear,,,,,14,Female,,,
114,Linear,,,,,15,Female,,,
114,Linear,,,,,16,Female,,,
115,Linear,,,,,6,Male,,,
115,Linear,,,,,7,Male,,,
115,Linear,,,,,8,Male,,,
115,Linear,,,,,9,Male,,,
115,Linear,,,,,10,Male,,,
115,Linear,,,,,11,Male,,,
115,Linear,,,,,12,Male,,,
115,Linear,,,,,13,Male,,,
115,Linear,,,,,14,Male,,,
115,Linear,,,,,15,Male,,,
115,Linear,,,,,16,Male,,,
115,Linear,,,,,6,Female,,,
115,Linear,,,,,7,Female,,,
115,Linear,,,,,8,Female,,,
115,Linear,,,,,9,Female,,,
115,Linear,,,,,10,Female,,,
115,Linear,,,,,11,Female,,,
115,Linear,,,,,12,Female,,,
115,Linear,,,,,13,Female,,,
115,Linear,,,,,14,Female,,,
115,Linear,,,,,15,Female,,,
115,Linear,,,,,16,Female,,,
116,Linear,Posterior Nasal Spine-Anterior Nasal Spine,PNS-ANS,45-10,ans_pns,6,Male,37,50.2,2.2
116,Linear,Posterior Nasal Spine-Anterior Nasal Spine,PNS-ANS,45-10,ans_pns,7,Male,44,51.4,2.5
116,Linear,Posterior Nasal Spine-Anterior Nasal Spine,PNS-ANS,45-10,ans_pns,8,Male,44,52.1,2.9
116,Linear,Posterior Nasal Spine-Anterior Nasal Spine,PNS-ANS,45-10,ans_pns,9,Male,47,53.3,2.9
116,Linear,Posterior Nasal Spine-Anterior Nasal Spine,PNS-ANS,45-10,ans_pns,10,Male,46,54.4,2.6
116,Linear,Posterior Nasal Spine-Anterior Nasal Spine,PNS-ANS,45-10,ans_pns,11,Male,43,56,2.4
116,Linear,Posterior Nasal Spine-Anterior Nasal Spine,PNS-ANS,45-10,ans_pns,12,Male,44,56.7,3.1
116,Linear,Posterior Nasal Spine-Anterior Nasal Spine,PNS-ANS,45-10,ans_pns,13,Male,43,57.8,3.1
116,Linear,Posterior Nasal Spine-Anterior Nasal Spine,PNS-ANS,45-10,ans_pns,14,Male,39,58.7,3.6
116,Linear,Posterior Nasal Spine-Anterior Nasal Spine,PNS-ANS,45-10,ans_pns,15,Male,33,59.6,3.6
116,Linear,Posterior Nasal Spine-Anterior Nasal Spine,PNS-ANS,45-10,ans_pns,16,Male,23,61.6,3.7
116,Linear,Posterior Nasal Spine-Anterior Nasal Spine,PNS-ANS,45-10,ans_pns,6,Female,24,48.9,2.3
116,Linear,Posterior Nasal Spine-Anterior Nasal Spine,PNS-ANS,45-10,ans_pns,7,Female,31,50.5,2.9
116,Linear,Posterior Nasal Spine-Anterior Nasal Spine,PNS-ANS,45-10,ans_pns,8,Female,36,51.2,2.5
116,Linear,Posterior Nasal Spine-Anterior Nasal Spine,PNS-ANS,45-10,ans_pns,9,Female,31,51.2,3.2
116,Linear,Posterior Nasal Spine-Anterior Nasal Spine,PNS-ANS,45-10,ans_pns,10,Female,35,53.1,3.1
116,Linear,Posterior Nasal Spine-Anterior Nasal Spine,PNS-ANS,45-10,ans_pns,11,Female,30,53.9,4
116,Linear,Posterior Nasal Spine-Anterior Nasal Spine,PNS-ANS,45-10,ans_pns,12,Female,27,54.1,3.2
116,Linear,Posterior Nasal Spine-Anterior Nasal Spine,PNS-ANS,45-10,ans_pns,13,Female,29,55.3,3
116,Linear,Posterior Nasal Spine-Anterior Nasal Spine,PNS-ANS,45-10,ans_pns,14,Female,25,56.7,2.9
116,Linear,Posterior Nasal Spine-Anterior Nasal Spine,PNS-ANS,45-10,ans_pns,15,Female,19,57.1,2.7
116,Linear,Posterior Nasal Spine-Anterior Nasal Spine,PNS-ANS,45-10,ans_pns,16,Female,9,57,4.4
117,Linear,,,,,6,Male,,,
117,Linear,,,,,7,Male,,,
117,Linear,,,,,8,Male,,,
117,Linear,,,,,9,Male,,,
117,Linear,,,,,10,Male,,,
117,Linear,,,,,11,Male,,,
117,Linear,,,,,12,Male,,,
117,Linear,,,,,13,Male,,,
117,Linear,,,,,14,Male,,,
117,Linear,,,,,15,Male,,,
117,Linear,,,,,16,Male,,,
117,Linear,,,,,6,Female,,,
117,Linear,,,,,7,Female,,,
117,Linear,,,,,8,Female,,,
117,Linear,,,,,9,Female,,,
117,Linear,,,,,10,Female,,,
117,Linear,,,,,11,Female,,,
117,Linear,,,,,12,Female,,,
117,Linear,,,,,13,Female,,,
117,Linear,,,,,14,Female,,,
117,Linear,,,,,15,Female,,,
117,Linear,,,,,16,Female,,,
118,Linear,,,,,6,Male,,,
118,Linear,,,,,7,Male,,,
118,Linear,,,,,8,Male,,,
118,Linear,,,,,9,Male,,,
118,Linear,,,,,10,Male,,,
118,Linear,,,,,11,Male,,,
118,Linear,,,,,12,Male,,,
118,Linear,,,,,13,Male,,,
118,Linear,,,,,14,Male,,,
118,Linear,,,,,15,Male,,,
118,Linear,,,,,16,Male,,,
118,Linear,,,,,6,Female,,,
118,Linear,,,,,7,Female,,,
118,Linear,,,,,8,Female,,,
118,Linear,,,,,9,Female,,,
118,Linear,,,,,10,Female,,,
118,Linear,,,,,11,Female,,,
118,Linear,,,,,12,Female,,,
118,Linear,,,,,13,Female,,,
118,Linear,,,,,14,Female,,,
118,Linear,,,,,15,Female,,,
118,Linear,,,,,16,Female,,,
119,Linear,,,,,6,Male,,,
119,Linear,,,,,7,Male,,,
119,Linear,,,,,8,Male,,,
119,Linear,,,,,9,Male,,,
119,Linear,,,,,10,Male,,,
119,Linear,,,,,11,Male,,,
119,Linear,,,,,12,Male,,,
119,Linear,,,,,13,Male,,,
119,Linear,,,,,14,Male,,,
119,Linear,,,,,15,Male,,,
119,Linear,,,,,16,Male,,,
119,Linear,,,,,6,Female,,,
119,Linear,,,,,7,Female,,,
119,Linear,,,,,8,Female,,,
119,Linear,,,,,9,Female,,,
119,Linear,,,,,10,Female,,,
119,Linear,,,,,11,Female,,,
119,Linear,,,,,12,Female,,,
119,Linear,,,,,13,Female,,,
119,Linear,,,,,14,Female,,,
119,Linear,,,,,15,Female,,,
119,Linear,,,,,16,Female,,,
120,Linear,,,,,6,Male,,,
120,Linear,,,,,7,Male,,,
120,Linear,,,,,8,Male,,,
120,Linear,,,,,9,Male,,,
120,Linear,,,,,10,Male,,,
120,Linear,,,,,11,Male,,,
120,Linear,,,,,12,Male,,,
120,Linear,,,,,13,Male,,,
120,Linear,,,,,14,Male,,,
120,Linear,,,,,15,Male,,,
120,Linear,,,,,16,Male,,,
120,Linear,,,,,6,Female,,,
120,Linear,,,,,7,Female,,,
120,Linear,,,,,8,Female,,,
120,Linear,,,,,9,Female,,,
120,Linear,,,,,10,Female,,,
120,Linear,,,,,11,Female,,,
120,Linear,,,,,12,Female,,,
120,Linear,,,,,13,Female,,,
120,Linear,,,,,14,Female,,,
120,Linear,,,,,15,Female,,,
120,Linear,,,,,16,Female,,,
121,Linear,,,,,6,Male,,,
121,Linear,,,,,7,Male,,,
121,Linear,,,,,8,Male,,,
121,Linear,,,,,9,Male,,,
121,Linear,,,,,10,Male,,,
121,Linear,,,,,11,Male,,,
121,Linear,,,,,12,Male,,,
121,Linear,,,,,13,Male,,,
121,Linear,,,,,14,Male,,,
121,Linear,,,,,15,Male,,,
121,Linear,,,,,16,Male,,,
121,Linear,,,,,6,Female,,,
121,Linear,,,,,7,Female,,,
121,Linear,,,,,8,Female,,,
121,Linear,,,,,9,Female,,,
121,Linear,,,,,10,Female,,,
121,Linear,,,,,11,Female,,,
121,Linear,,,,,12,Female,,,
121,Linear,,,,,13,Female,,,
121,Linear,,,,,14,Female,,,
121,Linear,,,,,15,Female,,,
121,Linear,,,,,16,Female,,,
122,Linear,,,,,6,Male,,,
122,Linear,,,,,7,Male,,,
122,Linear,,,,,8,Male,,,
122,Linear,,,,,9,Male,,,
122,Linear,,,,,10,Male,,,
122,Linear,,,,,11,Male,,,
122,Linear,,,,,12,Male,,,
122,Linear,,,,,13,Male,,,
122,Linear,,,,,14,Male,,,
122,Linear,,,,,15,Male,,,
122,Linear,,,,,16,Male,,,
122,Linear,,,,,6,Female,,,
122,Linear,,,,,7,Female,,,
122,Linear,,,,,8,Female,,,
122,Linear,,,,,9,Female,,,
122,Linear,,,,,10,Female,,,
122,Linear,,,,,11,Female,,,
122,Linear,,,,,12,Female,,,
122,Linear,,,,,13,Female,,,
122,Linear,,,,,14,Female,,,
122,Linear,,,,,15,Female,,,
122,Linear,,,,,16,Female,,,
123,Linear,,,,,6,Male,,,
123,Linear,,,,,7,Male,,,
123,Linear,,,,,8,Male,,,
123,Linear,,,,,9,Male,,,
123,Linear,,,,,10,Male,,,
123,Linear,,,,,11,Male,,,
123,Linear,,,,,12,Male,,,
123,Linear,,,,,13,Male,,,
123,Linear,,,,,14,Male,,,
123,Linear,,,,,15,Male,,,
123,Linear,,,,,16,Male,,,
123,Linear,,,,,6,Female,,,
123,Linear,,,,,7,Female,,,
123,Linear,,,,,8,Female,,,
123,Linear,,,,,9,Female,,,
123,Linear,,,,,10,Female,,,
123,Linear,,,,,11,Female,,,
123,Linear,,,,,12,Female,,,
123,Linear,,,,,13,Female,,,
123,Linear,,,,,14,Female,,,
123,Linear,,,,,15,Female,,,
123,Linear,,,,,16,Female,,,
124,Linear,,,,,6,Male,,,
124,Linear,,,,,7,Male,,,
124,Linear,,,,,8,Male,,,
124,Linear,,,,,9,Male,,,
124,Linear,,,,,10,Male,,,
124,Linear,,,,,11,Male,,,
124,Linear,,,,,12,Male,,,
124,Linear,,,,,13,Male,,,
124,Linear,,,,,14,Male,,,
124,Linear,,,,,15,Male,,,
124,Linear,,,,,16,Male,,,
124,Linear,,,,,6,Female,,,
124,Linear,,,,,7,Female,,,
124,Linear,,,,,8,Female,,,
124,Linear,,,,,9,Female,,,
124,Linear,,,,,10,Female,,,
124,Linear,,,,,11,Female,,,
124,Linear,,,,,12,Female,,,
124,Linear,,,,,13,Female,,,
124,Linear,,,,,14,Female,,,
124,Linear,,,,,15,Female,,,
124,Linear,,,,,16,Female,,,
125,Linear,,,,,6,Male,,,
125,Linear,,,,,7,Male,,,
125,Linear,,,,,8,Male,,,
125,Linear,,,,,9,Male,,,
125,Linear,,,,,10,Male,,,
125,Linear,,,,,11,Male,,,
125,Linear,,,,,12,Male,,,
125,Linear,,,,,13,Male,,,
125,Linear,,,,,14,Male,,,
125,Linear,,,,,15,Male,,,
125,Linear,,,,,16,Male,,,
125,Linear,,,,,6,Female,,,
125,Linear,,,,,7,Female,,,
125,Linear,,,,,8,Female,,,
125,Linear,,,,,9,Female,,,
125,Linear,,,,,10,Female,,,
125,Linear,,,,,11,Female,,,
125,Linear,,,,,12,Female,,,
125,Linear,,,,,13,Female,,,
125,Linear,,,,,14,Female,,,
125,Linear,,,,,15,Female,,,
125,Linear,,,,,16,Female,,,
126,Linear,,,,,6,Male,,,
126,Linear,,,,,7,Male,,,
126,Linear,,,,,8,Male,,,
126,Linear,,,,,9,Male,,,
126,Linear,,,,,10,Male,,,
126,Linear,,,,,11,Male,,,
126,Linear,,,,,12,Male,,,
126,Linear,,,,,13,Male,,,
126,Linear,,,,,14,Male,,,
126,Linear,,,,,15,Male,,,
126,Linear,,,,,16,Male,,,
126,Linear,,,,,6,Female,,,
126,Linear,,,,,7,Female,,,
126,Linear,,,,,8,Female,,,
126,Linear,,,,,9,Female,,,
126,Linear,,,,,10,Female,,,
126,Linear,,,,,11,Female,,,
126,Linear,,,,,12,Female,,,
126,Linear,,,,,13,Female,,,
126,Linear,,,,,14,Female,,,
126,Linear,,,,,15,Female,,,
126,Linear,,,,,16,Female,,,
127,Linear,,,,,6,Male,,,
127,Linear,,,,,7,Male,,,
127,Linear,,,,,8,Male,,,
127,Linear,,,,,9,Male,,,
127,Linear,,,,,10,Male,,,
127,Linear,,,,,11,Male,,,
127,Linear,,,,,12,Male,,,
127,Linear,,,,,13,Male,,,
127,Linear,,,,,14,Male,,,
127,Linear,,,,,15,Male,,,
127,Linear,,,,,16,Male,,,
127,Linear,,,,,6,Female,,,
127,Linear,,,,,7,Female,,,
127,Linear,,,,,8,Female,,,
127,Linear,,,,,9,Female,,,
127,Linear,,,,,10,Female,,,
127,Linear,,,,,11,Female,,,
127,Linear,,,,,12,Female,,,
127,Linear,,,,,13,Female,,,
127,Linear,,,,,14,Female,,,
127,Linear,,,,,15,Female,,,
127,Linear,,,,,16,Female,,,
128,Linear,,,,,6,Male,,,
128,Linear,,,,,7,Male,,,
128,Linear,,,,,8,Male,,,
128,Linear,,,,,9,Male,,,
128,Linear,,,,,10,Male,,,
128,Linear,,,,,11,Male,,,
128,Linear,,,,,12,Male,,,
128,Linear,,,,,13,Male,,,
128,Linear,,,,,14,Male,,,
128,Linear,,,,,15,Male,,,
128,Linear,,,,,16,Male,,,
128,Linear,,,,,6,Female,,,
128,Linear,,,,,7,Female,,,
128,Linear,,,,,8,Female,,,
128,Linear,,,,,9,Female,,,
128,Linear,,,,,10,Female,,,
128,Linear,,,,,11,Female,,,
128,Linear,,,,,12,Female,,,
128,Linear,,,,,13,Female,,,
128,Linear,,,,,14,Female,,,
128,Linear,,,,,15,Female,,,
128,Linear,,,,,16,Female,,,
129,Linear,,,,,6,Male,,,
129,Linear,,,,,7,Male,,,
129,Linear,,,,,8,Male,,,
129,Linear,,,,,9,Male,,,
129,Linear,,,,,10,Male,,,
129,Linear,,,,,11,Male,,,
129,Linear,,,,,12,Male,,,
129,Linear,,,,,13,Male,,,
129,Linear,,,,,14,Male,,,
129,Linear,,,,,15,Male,,,
129,Linear,,,,,16,Male,,,
129,Linear,,,,,6,Female,,,
129,Linear,,,,,7,Female,,,
129,Linear,,,,,8,Female,,,
129,Linear,,,,,9,Female,,,
129,Linear,,,,,10,Female,,,
129,Linear,,,,,11,Female,,,
129,Linear,,,,,12,Female,,,
129,Linear,,,,,13,Female,,,
129,Linear,,,,,14,Female,,,
129,Linear,,,,,15,Female,,,
129,Linear,,,,,16,Female,,,
130,Linear,Anterior Nasal Spine-Nasion,ANS-N,10-38,nasion_ans,6,Male,37,45.9,2.8
130,Linear,Anterior Nasal Spine-Nasion,ANS-N,10-38,nasion_ans,7,Male,44,47.9,3.2
130,Linear,Anterior Nasal Spine-Nasion,ANS-N,10-38,nasion_ans,8,Male,44,49.5,2.8
130,Linear,Anterior Nasal Spine-Nasion,ANS-N,10-38,nasion_ans,9,Male,47,51,3
130,Linear,Anterior Nasal Spine-Nasion,ANS-N,10-38,nasion_ans,10,Male,46,52.3,3.1
130,Linear,Anterior Nasal Spine-Nasion,ANS-N,10-38,nasion_ans,11,Male,43,53.8,3.4
130,Linear,Anterior Nasal Spine-Nasion,ANS-N,10-38,nasion_ans,12,Male,44,54.6,3.6
130,Linear,Anterior Nasal Spine-Nasion,ANS-N,10-38,nasion_ans,13,Male,43,56.8,3.7
130,Linear,Anterior Nasal Spine-Nasion,ANS-N,10-38,nasion_ans,14,Male,40,58.2,4.1
130,Linear,Anterior Nasal Spine-Nasion,ANS-N,10-38,nasion_ans,15,Male,33,59,4
130,Linear,Anterior Nasal Spine-Nasion,ANS-N,10-38,nasion_ans,16,Male,23,57.7,3.9
130,Linear,Anterior Nasal Spine-Nasion,ANS-N,10-38,nasion_ans,6,Female,25,45.9,3.1
130,Linear,Anterior Nasal Spine-Nasion,ANS-N,10-38,nasion_ans,7,Female,31,47.1,2.9
130,Linear,Anterior Nasal Spine-Nasion,ANS-N,10-38,nasion_ans,8,Female,36,48.6,3
130,Linear,Anterior Nasal Spine-Nasion,ANS-N,10-38,nasion_ans,9,Female,31,50.4,3.1
130,Linear,Anterior Nasal Spine-Nasion,ANS-N,10-38,nasion_ans,10,Female,35,52.1,3.7
130,Linear,Anterior Nasal Spine-Nasion,ANS-N,10-38,nasion_ans,11,Female,30,52.7,3.3
130,Linear,Anterior Nasal Spine-Nasion,ANS-N,10-38,nasion_ans,12,Female,27,54,3.7
130,Linear,Anterior Nasal Spine-Nasion,ANS-N,10-38,nasion_ans,13,Female,29,54.7,3.3
130,Linear,Anterior Nasal Spine-Nasion,ANS-N,10-38,nasion_ans,14,Female,25,55.3,2.7
130,Linear,Anterior Nasal Spine-Nasion,ANS-N,10-38,nasion_ans,15,Female,19,55.3,3.2
130,Linear,Anterior Nasal Spine-Nasion,ANS-N,10-38,nasion_ans,16,Female,9,55.7,2.1
131,Linear,,,,,6,Male,,,
131,Linear,,,,,7,Male,,,
131,Linear,,,,,8,Male,,,
131,Linear,,,,,9,Male,,,
131,Linear,,,,,10,Male,,,
131,Linear,,,,,11,Male,,,
131,Linear,,,,,12,Male,,,
131,Linear,,,,,13,Male,,,
131,Linear,,,,,14,Male,,,
131,Linear,,,,,15,Male,,,
131,Linear,,,,,16,Male,,,
131,Linear,,,,,6,Female,,,
131,Linear,,,,,7,Female,,,
131,Linear,,,,,8,Female,,,
131,Linear,,,,,9,Female,,,
131,Linear,,,,,10,Female,,,
131,Linear,,,,,11,Female,,,
131,Linear,,,,,12,Female,,,
131,Linear,,,,,13,Female,,,
131,Linear,,,,,14,Female,,,
131,Linear,,,,,15,Female,,,
131,Linear,,,,,16,Female,,,
132,Linear,,,,,6,Male,,,
132,Linear,,,,,7,Male,,,
132,Linear,,,,,8,Male,,,
132,Linear,,,,,9,Male,,,
132,Linear,,,,,10,Male,,,
132,Linear,,,,,11,Male,,,
132,Linear,,,,,12,Male,,,
132,Linear,,,,,13,Male,,,
132,Linear,,,,,14,Male,,,
132,Linear,,,,,15,Male,,,
132,Linear,,,,,16,Male,,,
132,Linear,,,,,6,Female,,,
132,Linear,,,,,7,Female,,,
132,Linear,,,,,8,Female,,,
132,Linear,,,,,9,Female,,,
132,Linear,,,,,10,Female,,,
132,Linear,,,,,11,Female,,,
132,Linear,,,,,12,Female,,,
132,Linear,,,,,13,Female,,,
132,Linear,,,,,14,Female,,,
132,Linear,,,,,15,Female,,,
132,Linear,,,,,16,Female,,,
133,Linear,,,,,6,Male,,,
133,Linear,,,,,7,Male,,,
133,Linear,,,,,8,Male,,,
133,Linear,,,,,9,Male,,,
133,Linear,,,,,10,Male,,,
133,Linear,,,,,11,Male,,,
133,Linear,,,,,12,Male,,,
133,Linear,,,,,13,Male,,,
133,Linear,,,,,14,Male,,,
133,Linear,,,,,15,Male,,,
133,Linear,,,,,16,Male,,,
133,Linear,,,,,6,Female,,,
133,Linear,,,,,7,Female,,,
133,Linear,,,,,8,Female,,,
133,Linear,,,,,9,Female,,,
133,Linear,,,,,10,Female,,,
133,Linear,,,,,11,Female,,,
133,Linear,,,,,12,Female,,,
133,Linear,,,,,13,Female,,,
133,Linear,,,,,14,Female,,,
133,Linear,,,,,15,Female,,,
133,Linear,,,,,16,Female,,,
134,Linear,,,,,6,Male,,,
134,Linear,,,,,7,Male,,,
134,Linear,,,,,8,Male,,,
134,Linear,,,,,9,Male,,,
134,Linear,,,,,10,Male,,,
134,Linear,,,,,11,Male,,,
134,Linear,,,,,12,Male,,,
134,Linear,,,,,13,Male,,,
134,Linear,,,,,14,Male,,,
134,Linear,,,,,15,Male,,,
134,Linear,,,,,16,Male,,,
134,Linear,,,,,6,Female,,,
134,Linear,,,,,7,Female,,,
134,Linear,,,,,8,Female,,,
134,Linear,,,,,9,Female,,,
134,Linear,,,,,10,Female,,,
134,Linear,,,,,11,Female,,,
134,Linear,,,,,12,Female,,,
134,Linear,,,,,13,Female,,,
134,Linear,,,,,14,Female,,,
134,Linear,,,,,15,Female,,,
134,Linear,,,,,16,Female,,,
135,Linear,,,,,6,Male,,,
135,Linear,,,,,7,Male,,,
135,Linear,,,,,8,Male,,,
135,Linear,,,,,9,Male,,,
135,Linear,,,,,10,Male,,,
135,Linear,,,,,11,Male,,,
135,Linear,,,,,12,Male,,,
135,Linear,,,,,13,Male,,,
135,Linear,,,,,14,Male,,,
135,Linear,,,,,15,Male,,,
135,Linear,,,,,16,Male,,,
135,Linear,,,,,6,Female,,,
135,Linear,,,,,7,Female,,,
135,Linear,,,,,8,Female,,,
135,Linear,,,,,9,Female,,,
135,Linear,,,,,10,Female,,,
135,Linear,,,,,11,Female,,,
135,Linear,,,,,12,Female,,,
135,Linear,,,,,13,Female,,,
135,Linear,,,,,14,Female,,,
135,Linear,,,,,15,Female,,,
135,Linear,,,,,16,Female,,,
136,Linear,,,,,6,Male,,,
136,Linear,,,,,7,Male,,,
136,Linear,,,,,8,Male,,,
136,Linear,,,,,9,Male,,,
136,Linear,,,,,10,Male,,,
136,Linear,,,,,11,Male,,,
136,Linear,,,,,12,Male,,,
136,Linear,,,,,13,Male,,,
136,Linear,,,,,14,Male,,,
136,Linear,,,,,15,Male,,,
136,Linear,,,,,16,Male,,,
136,Linear,,,,,6,Female,,,
136,Linear,,,,,7,Female,,,
136,Linear,,,,,8,Female,,,
136,Linear,,,,,9,Female,,,
136,Linear,,,,,10,Female,,,
136,Linear,,,,,11,Female,,,
136,Linear,,,,,12,Female,,,
136,Linear,,,,,13,Female,,,
136,Linear,,,,,14,Female,,,
136,Linear,,,,,15,Female,,,
136,Linear,,,,,16,Female,,,
137,Linear,,,,,6,Male,,,
137,Linear,,,,,7,Male,,,
137,Linear,,,,,8,Male,,,
137,Linear,,,,,9,Male,,,
137,Linear,,,,,10,Male,,,
137,Linear,,,,,11,Male,,,
137,Linear,,,,,12,Male,,,
137,Linear,,,,,13,Male,,,
137,Linear,,,,,14,Male,,,
137,Linear,,,,,15,Male,,,
137,Linear,,,,,16,Male,,,
137,Linear,,,,,6,Female,,,
137,Linear,,,,,7,Female,,,
137,Linear,,,,,8,Female,,,
137,Linear,,,,,9,Female,,,
137,Linear,,,,,10,Female,,,
137,Linear,,,,,11,Female,,,
137,Linear,,,,,12,Female,,,
137,Linear,,,,,13,Female,,,
137,Linear,,,,,14,Female,,,
137,Linear,,,,,15,Female,,,
137,Linear,,,,,16,Female,,,
138,Linear,,,,,6,Male,,,
138,Linear,,,,,7,Male,,,
138,Linear,,,,,8,Male,,,
138,Linear,,,,,9,Male,,,
138,Linear,,,,,10,Male,,,
138,Linear,,,,,11,Male,,,
138,Linear,,,,,12,Male,,,
138,Linear,,,,,13,Male,,,
138,Linear,,,,,14,Male,,,
138,Linear,,,,,15,Male,,,
138,Linear,,,,,16,Male,,,
138,Linear,,,,,6,Female,,,
138,Linear,,,,,7,Female,,,
138,Linear,,,,,8,Female,,,
138,Linear,,,,,9,Female,,,
138,Linear,,,,,10,Female,,,
138,Linear,,,,,11,Female,,,
138,Linear,,,,,12,Female,,,
138,Linear,,,,,13,Female,,,
138,Linear,,,,,14,Female,,,
138,Linear,,,,,15,Female,,,
138,Linear,,,,,16,Female,,,
139,Linear,,,,,6,Male,,,
139,Linear,,,,,7,Male,,,
139,Linear,,,,,8,Male,,,
139,Linear,,,,,9,Male,,,
139,Linear,,,,,10,Male,,,
139,Linear,,,,,11,Male,,,
139,Linear,,,,,12,Male,,,
139,Linear,,,,,13,Male,,,
139,Linear,,,,,14,Male,,,
139,Linear,,,,,15,Male,,,
139,Linear,,,,,16,Male,,,
139,Linear,,,,,6,Female,,,
139,Linear,,,,,7,Female,,,
139,Linear,,,,,8,Female,,,
139,Linear,,,,,9,Female,,,
139,Linear,,,,,10,Female,,,
139,Linear,,,,,11,Female,,,
139,Linear,,,,,12,Female,,,
139,Linear,,,,,13,Female,,,
139,Linear,,,,,14,Female,,,
139,Linear,,,,,15,Female,,,
139,Linear,,,,,16,Female,,,
140,Linear,,,,,6,Male,,,
140,Linear,,,,,7,Male,,,
140,Linear,,,,,8,Male,,,
140,Linear,,,,,9,Male,,,
140,Linear,,,,,10,Male,,,
140,Linear,,,,,11,Male,,,
140,Linear,,,,,12,Male,,,
140,Linear,,,,,13,Male,,,
140,Linear,,,,,14,Male,,,
140,Linear,,,,,15,Male,,,
140,Linear,,,,,16,Male,,,
140,Linear,,,,,6,Female,,,
140,Linear,,,,,7,Female,,,
140,Linear,,,,,8,Female,,,
140,Linear,,,,,9,Female,,,
140,Linear,,,,,10,Female,,,
140,Linear,,,,,11,Female,,,
140,Linear,,,,,12,Female,,,
140,Linear,,,,,13,Female,,,
140,Linear,,,,,14,Female,,,
140,Linear,,,,,15,Female,,,
140,Linear,,,,,16,Female,,,
141,Linear,,,,,6,Male,,,
141,Linear,,,,,7,Male,,,
141,Linear,,,,,8,Male,,,
141,Linear,,,,,9,Male,,,
141,Linear,,,,,10,Male,,,
141,Linear,,,,,11,Male,,,
141,Linear,,,,,12,Male,,,
141,Linear,,,,,13,Male,,,
141,Linear,,,,,14,Male,,,
141,Linear,,,,,15,Male,,,
141,Linear,,,,,16,Male,,,
141,Linear,,,,,6,Female,,,
141,Linear,,,,,7,Female,,,
141,Linear,,,,,8,Female,,,
141,Linear,,,,,9,Female,,,
141,Linear,,,,,10,Female,,,
141,Linear,,,,,11,Female,,,
141,Linear,,,,,12,Female,,,
141,Linear,,,,,13,Female,,,
141,Linear,,,,,14,Female,,,
141,Linear,,,,,15,Female,,,
141,Linear,,,,,16,Female,,,
142,Linear,,,,,6,Male,,,
142,Linear,,,,,7,Male,,,
142,Linear,,,,,8,Male,,,
142,Linear,,,,,9,Male,,,
142,Linear,,,,,10,Male,,,
142,Linear,,,,,11,Male,,,
142,Linear,,,,,12,Male,,,
142,Linear,,,,,13,Male,,,
142,Linear,,,,,14,Male,,,
142,Linear,,,,,15,Male,,,
142,Linear,,,,,16,Male,,,
142,Linear,,,,,6,Female,,,
142,Linear,,,,,7,Female,,,
142,Linear,,,,,8,Female,,,
142,Linear,,,,,9,Female,,,
142,Linear,,,,,10,Female,,,
142,Linear,,,,,11,Female,,,
142,Linear,,,,,12,Female,,,
142,Linear,,,,,13,Female,,,
142,Linear,,,,,14,Female,,,
142,Linear,,,,,15,Female,,,
142,Linear,,,,,16,Female,,,
143,Linear,,,,,6,Male,,,
143,Linear,,,,,7,Male,,,
143,Linear,,,,,8,Male,,,
143,Linear,,,,,9,Male,,,
143,Linear,,,,,10,Male,,,
143,Linear,,,,,11,Male,,,
143,Linear,,,,,12,Male,,,
143,Linear,,,,,13,Male,,,
143,Linear,,,,,14,Male,,,
143,Linear,,,,,15,Male,,,
143,Linear,,,,,16,Male,,,
143,Linear,,,,,6,Female,,,
143,Linear,,,,,7,Female,,,
143,Linear,,,,,8,Female,,,
143,Linear,,,,,9,Female,,,
143,Linear,,,,,10,Female,,,
143,Linear,,,,,11,Female,,,
143,Linear,,,,,12,Female,,,
143,Linear,,,,,13,Female,,,
143,Linear,,,,,14,Female,,,
143,Linear,,,,,15,Female,,,
143,Linear,,,,,16,Female,,,
144,Linear,,,,,6,Male,,,
144,Linear,,,,,7,Male,,,
144,Linear,,,,,8,Male,,,
144,Linear,,,,,9,Male,,,
144,Linear,,,,,10,Male,,,
144,Linear,,,,,11,Male,,,
144,Linear,,,,,12,Male,,,
144,Linear,,,,,13,Male,,,
144,Linear,,,,,14,Male,,,
144,Linear,,,,,15,Male,,,
144,Linear,,,,,16,Male,,,
144,Linear,,,,,6,Female,,,
144,Linear,,,,,7,Female,,,
144,Linear,,,,,8,Female,,,
144,Linear,,,,,9,Female,,,
144,Linear,,,,,10,Female,,,
144,Linear,,,,,11,Female,,,
144,Linear,,,,,12,Female,,,
144,Linear,,,,,13,Female,,,
144,Linear,,,,,14,Female,,,
144,Linear,,,,,15,Female,,,
144,Linear,,,,,16,Female,,,
145,Linear,,,,,6,Male,,,
145,Linear,,,,,7,Male,,,
145,Linear,,,,,8,Male,,,
145,Linear,,,,,9,Male,,,
145,Linear,,,,,10,Male,,,
145,Linear,,,,,11,Male,,,
145,Linear,,,,,12,Male,,,
145,Linear,,,,,13,Male,,,
145,Linear,,,,,14,Male,,,
145,Linear,,,,,15,Male,,,
145,Linear,,,,,16,Male,,,
145,Linear,,,,,6,Female,,,
145,Linear,,,,,7,Female,,,
145,Linear,,,,,8,Female,,,
145,Linear,,,,,9,Female,,,
145,Linear,,,,,10,Female,,,
145,Linear,,,,,11,Female,,,
145,Linear,,,,,12,Female,,,
145,Linear,,,,,13,Female,,,
145,Linear,,,,,14,Female,,,
145,Linear,,,,,15,Female,,,
145,Linear,,,,,16,Female,,,
146,Linear,,,,,6,Male,,,
146,Linear,,,,,7,Male,,,
146,Linear,,,,,8,Male,,,
146,Linear,,,,,9,Male,,,
146,Linear,,,,,10,Male,,,
146,Linear,,,,,11,Male,,,
146,Linear,,,,,12,Male,,,
146,Linear,,,,,13,Male,,,
146,Linear,,,,,14,Male,,,
146,Linear,,,,,15,Male,,,
146,Linear,,,,,16,Male,,,
146,Linear,,,,,6,Female,,,
146,Linear,,,,,7,Female,,,
146,Linear,,,,,8,Female,,,
146,Linear,,,,,9,Female,,,
146,Linear,,,,,10,Female,,,
146,Linear,,,,,11,Female,,,
146,Linear,,,,,12,Female,,,
146,Linear,,,,,13,Female,,,
146,Linear,,,,,14,Female,,,
146,Linear,,,,,15,Female,,,
146,Linear,,,,,16,Female,,,
147,Linear,,,,,6,Male,,,
147,Linear,,,,,7,Male,,,
147,Linear,,,,,8,Male,,,
147,Linear,,,,,9,Male,,,
147,Linear,,,,,10,Male,,,
147,Linear,,,,,11,Male,,,
147,Linear,,,,,12,Male,,,
147,Linear,,,,,13,Male,,,
147,Linear,,,,,14,Male,,,
147,Linear,,,,,15,Male,,,
147,Linear,,,,,16,Male,,,
147,Linear,,,,,6,Female,,,
147,Linear,,,,,7,Female,,,
147,Linear,,,,,8,Female,,,
147,Linear,,,,,9,Female,,,
147,Linear,,,,,10,Female,,,
147,Linear,,,,,11,Female,,,
147,Linear,,,,,12,Female,,,
147,Linear,,,,,13,Female,,,
147,Linear,,,,,14,Female,,,
147,Linear,,,,,15,Female,,,
147,Linear,,,,,16,Female,,,
148,Linear,,,,,6,Male,,,
148,Linear,,,,,7,Male,,,
148,Linear,,,,,8,Male,,,
148,Linear,,,,,9,Male,,,
148,Linear,,,,,10,Male,,,
148,Linear,,,,,11,Male,,,
148,Linear,,,,,12,Male,,,
148,Linear,,,,,13,Male,,,
148,Linear,,,,,14,Male,,,
148,Linear,,,,,15,Male,,,
148,Linear,,,,,16,Male,,,
148,Linear,,,,,6,Female,,,
148,Linear,,,,,7,Female,,,
148,Linear,,,,,8,Female,,,
148,Linear,,,,,9,Female,,,
148,Linear,,,,,10,Female,,,
148,Linear,,,,,11,Female,,,
148,Linear,,,,,12,Female,,,
148,Linear,,,,,13,Female,,,
148,Linear,,,,,14,Female,,,
148,Linear,,,,,15,Female,,,
148,Linear,,,,,16,Female,,,
149,Linear,Sella-Nasion,S-N,35-38,sella_nasion,6,Male,37,72.7,2.8
149,Linear,Sella-Nasion,S-N,35-38,sella_nasion,7,Male,44,73.9,3.1
149,Linear,Sella-Nasion,S-N,35-38,sella_nasion,8,Male,44,75.2,3
149,Linear,Sella-Nasion,S-N,35-38,sella_nasion,9,Male,47,75.9,3.3
149,Linear,Sella-Nasion,S-N,35-38,sella_nasion,10,Male,46,76.8,3.2
149,Linear,Sella-Nasion,S-N,35-38,sella_nasion,11,Male,43,78.2,2.9
149,Linear,Sella-Nasion,S-N,35-38,sella_nasion,12,Male,44,78.3,3.3
149,Linear,Sella-Nasion,S-N,35-38,sella_nasion,13,Male,43,79.5,3.8
149,Linear,Sella-Nasion,S-N,35-38,sella_nasion,14,Male,40,80.5,4.1
149,Linear,Sella-Nasion,S-N,35-38,sella_nasion,15,Male,33,81.3,4
149,Linear,Sella-Nasion,S-N,35-38,sella_nasion,16,Male,23,83.3,3.8
149,Linear,Sella-Nasion,S-N,35-38,sella_nasion,6,Female,25,70.3,2.7
149,Linear,Sella-Nasion,S-N,35-38,sella_nasion,7,Female,31,70.6,2.6
149,Linear,Sella-Nasion,S-N,35-38,sella_nasion,8,Female,36,72.3,2.9
149,Linear,Sella-Nasion,S-N,35-38,sella_nasion,9,Female,31,72.6,2.7
149,Linear,Sella-Nasion,S-N,35-38,sella_nasion,10,Female,35,73.9,2.8
149,Linear,Sella-Nasion,S-N,35-38,sella_nasion,11,Female,30,74.3,3
149,Linear,Sella-Nasion,S-N,35-38,sella_nasion,12,Female,27,74.9,3
149,Linear,Sella-Nasion,S-N,35-38,sella_nasion,13,Female,29,75.5,3.1
149,Linear,Sella-Nasion,S-N,35-38,sella_nasion,14,Female,25,76,2.9
149,Linear,Sella-Nasion,S-N,35-38,sella_nasion,15,Female,19,76.9,2.8
149,Linear,Sella-Nasion,S-N,35-38,sella_nasion,16,Female,9,76.9,3.9
150,Linear,,,,,6,Male,,,
150,Linear,,,,,7,Male,,,
150,Linear,,,,,8,Male,,,
150,Linear,,,,,9,Male,,,
150,Linear,,,,,10,Male,,,
150,Linear,,,,,11,Male,,,
150,Linear,,,,,12,Male,,,
150,Linear,,,,,13,Male,,,
150,Linear,,,,,14,Male,,,
150,Linear,,,,,15,Male,,,
150,Linear,,,,,16,Male,,,
150,Linear,,,,,6,Female,,,
150,Linear,,,,,7,Female,,,
150,Linear,,,,,8,Female,,,
150,Linear,,,,,9,Female,,,
150,Linear,,,,,10,Female,,,
150,Linear,,,,,11,Female,,,
150,Linear,,,,,12,Female,,,
150,Linear,,,,,13,Female,,,
150,Linear,,,,,14,Female,,,
150,Linear,,,,,15,Female,,,
150,Linear,,,,,16,Female,,,
151,Linear,,,,,6,Male,,,
151,Linear,,,,,7,Male,,,
151,Linear,,,,,8,Male,,,
151,Linear,,,,,9,Male,,,
151,Linear,,,,,10,Male,,,
151,Linear,,,,,11,Male,,,
151,Linear,,,,,12,Male,,,
151,Linear,,,,,13,Male,,,
151,Linear,,,,,14,Male,,,
151,Linear,,,,,15,Male,,,
151,Linear,,,,,16,Male,,,
151,Linear,,,,,6,Female,,,
151,Linear,,,,,7,Female,,,
151,Linear,,,,,8,Female,,,
151,Linear,,,,,9,Female,,,
151,Linear,,,,,10,Female,,,
151,Linear,,,,,11,Female,,,
151,Linear,,,,,12,Female,,,
151,Linear,,,,,13,Female,,,
151,Linear,,,,,14,Female,,,
151,Linear,,,,,15,Female,,,
151,Linear,,,,,16,Female,,,
152,Linear,Sella-Basion,S-BA,35-30,sella_basion,6,Male,37,40.7,3
152,Linear,Sella-Basion,S-BA,35-30,sella_basion,7,Male,44,42.1,2.8
152,Linear,Sella-Basion,S-BA,35-30,sella_basion,8,Male,44,43,2.7
152,Linear,Sella-Basion,S-BA,35-30,sella_basion,9,Male,47,43.6,2.7
152,Linear,Sella-Basion,S-BA,35-30,sella_basion,10,Male,46,44.9,3.3
152,Linear,Sella-Basion,S-BA,35-30,sella_basion,11,Male,43,46.1,3.5
152,Linear,Sella-Basion,S-BA,35-30,sella_basion,12,Male,44,46.6,3.5
152,Linear,Sella-Basion,S-BA,35-30,sella_basion,13,Male,43,48,4
152,Linear,Sella-Basion,S-BA,35-30,sella_basion,14,Male,40,48.6,4.1
152,Linear,Sella-Basion,S-BA,35-30,sella_basion,15,Male,33,48.8,4
152,Linear,Sella-Basion,S-BA,35-30,sella_basion,16,Male,23,49.4,3.8
152,Linear,Sella-Basion,S-BA,35-30,sella_basion,6,Female,25,39.6,2.4
152,Linear,Sella-Basion,S-BA,35-30,sella_basion,7,Female,31,41,3.1
152,Linear,Sella-Basion,S-BA,35-30,sella_basion,8,Female,36,41.5,3.7
152,Linear,Sella-Basion,S-BA,35-30,sella_basion,9,Female,31,42.4,3.4
152,Linear,Sella-Basion,S-BA,35-30,sella_basion,10,Female,35,43.8,3.6
152,Linear,Sella-Basion,S-BA,35-30,sella_basion,11,Female,30,44.1,3.4
152,Linear,Sella-Basion,S-BA,35-30,sella_basion,12,Female,27,44.3,3.7
152,Linear,Sella-Basion,S-BA,35-30,sella_basion,13,Female,29,46,3.7
152,Linear,Sella-Basion,S-BA,35-30,sella_basion,14,Female,25,46.5,3.6
152,Linear,Sella-Basion,S-BA,35-30,sella_basion,15,Female,19,46,4.2
152,Linear,Sella-Basion,S-BA,35-30,sella_basion,16,Female,9,45.3,3.1
153,Linear,,,,,6,Male,,,
153,Linear,,,,,7,Male,,,
153,Linear,,,,,8,Male,,,
153,Linear,,,,,9,Male,,,
153,Linear,,,,,10,Male,,,
153,Linear,,,,,11,Male,,,
153,Linear,,,,,12,Male,,,
153,Linear,,,,,13,Male,,,
153,Linear,,,,,14,Male,,,
153,Linear,,,,,15,Male,,,
153,Linear,,,,,16,Male,,,
153,Linear,,,,,6,Female,,,
153,Linear,,,,,7,Female,,,
153,Linear,,,,,8,Female,,,
153,Linear,,,,,9,Female,,,
153,Linear,,,,,10,Female,,,
153,Linear,,,,,11,Female,,,
153,Linear,,,,,12,Female,,,
153,Linear,,,,,13,Female,,,
153,Linear,,,,,14,Female,,,
153,Linear,,,,,15,Female,,,
153,Linear,,,,,16,Female,,,
154,Linear,Basion-Nasion,BA-N,30-38,nasion_basion,6,Male,37,103.3,3.7
154,Linear,Basion-Nasion,BA-N,30-38,nasion_basion,7,Male,44,105.8,4.6
154,Linear,Basion-Nasion,BA-N,30-38,nasion_basion,8,Male,44,107.5,3.8
154,Linear,Basion-Nasion,BA-N,30-38,nasion_basion,9,Male,47,108.9,4.2
154,Linear,Basion-Nasion,BA-N,30-38,nasion_basion,10,Male,46,110.8,4.2
154,Linear,Basion-Nasion,BA-N,30-38,nasion_basion,11,Male,43,112.9,4.3
154,Linear,Basion-Nasion,BA-N,30-38,nasion_basion,12,Male,44,113.6,4.2
154,Linear,Basion-Nasion,BA-N,30-38,nasion_basion,13,Male,43,115.8,5.2
154,Linear,Basion-Nasion,BA-N,30-38,nasion_basion,14,Male,40,117.3,5.4
154,Linear,Basion-Nasion,BA-N,30-38,nasion_basion,15,Male,33,118.3,4.4
154,Linear,Basion-Nasion,BA-N,30-38,nasion_basion,16,Male,23,120.4,4.2
154,Linear,Basion-Nasion,BA-N,30-38,nasion_basion,6,Female,25,100.3,4.5
154,Linear,Basion-Nasion,BA-N,30-38,nasion_basion,7,Female,31,101.9,4.7
154,Linear,Basion-Nasion,BA-N,30-38,nasion_basion,8,Female,36,103.9,5.3
154,Linear,Basion-Nasion,BA-N,30-38,nasion_basion,9,Female,31,104.9,4.9
154,Linear,Basion-Nasion,BA-N,30-38,nasion_basion,10,Female,35,107.3,5.2
154,Linear,Basion-Nasion,BA-N,30-38,nasion_basion,11,Female,30,107.9,5
154,Linear,Basion-Nasion,BA-N,30-38,nasion_basion,12,Female,27,108.9,4.7
154,Linear,Basion-Nasion,BA-N,30-38,nasion_basion,13,Female,29,110.9,4.6
154,Linear,Basion-Nasion,BA-N,30-38,nasion_basion,14,Female,25,111.8,4.9
154,Linear,Basion-Nasion,BA-N,30-38,nasion_basion,15,Female,19,112.2,4.7
154,Linear,Basion-Nasion,BA-N,30-38,nasion_basion,16,Female,9,112,4.8
155,Linear,,,,,6,Male,,,
155,Linear,,,,,7,Male,,,
155,Linear,,,,,8,Male,,,
155,Linear,,,,,9,Male,,,
155,Linear,,,,,10,Male,,,
155,Linear,,,,,11,Male,,,
155,Linear,,,,,12,Male,,,
155,Linear,,,,,13,Male,,,
155,Linear,,,,,14,Male,,,
155,Linear,,,,,15,Male,,,
155,Linear,,,,,16,Male,,,
155,Linear,,,,,6,Female,,,
155,Linear,,,,,7,Female,,,
155,Linear,,,,,8,Female,,,
155,Linear,,,,,9,Female,,,
155,Linear,,,,,10,Female,,,
155,Linear,,,,,11,Female,,,
155,Linear,,,,,12,Female,,,
155,Linear,,,,,13,Female,,,
155,Linear,,,,,14,Female,,,
155,Linear,,,,,15,Female,,,
155,Linear,,,,,16,Female,,,
156,Linear,,,,,6,Male,,,
156,Linear,,,,,7,Male,,,
156,Linear,,,,,8,Male,,,
156,Linear,,,,,9,Male,,,
156,Linear,,,,,10,Male,,,
156,Linear,,,,,11,Male,,,
156,Linear,,,,,12,Male,,,
156,Linear,,,,,13,Male,,,
156,Linear,,,,,14,Male,,,
156,Linear,,,,,15,Male,,,
156,Linear,,,,,16,Male,,,
156,Linear,,,,,6,Female,,,
156,Linear,,,,,7,Female,,,
156,Linear,,,,,8,Female,,,
156,Linear,,,,,9,Female,,,
156,Linear,,,,,10,Female,,,
156,Linear,,,,,11,Female,,,
156,Linear,,,,,12,Female,,,
156,Linear,,,,,13,Female,,,
156,Linear,,,,,14,Female,,,
156,Linear,,,,,15,Female,,,
156,Linear,,,,,16,Female,,,
157,Linear,,,,,6,Male,,,
157,Linear,,,,,7,Male,,,
157,Linear,,,,,8,Male,,,
157,Linear,,,,,9,Male,,,
157,Linear,,,,,10,Male,,,
157,Linear,,,,,11,Male,,,
157,Linear,,,,,12,Male,,,
157,Linear,,,,,13,Male,,,
157,Linear,,,,,14,Male,,,
157,Linear,,,,,15,Male,,,
157,Linear,,,,,16,Male,,,
157,Linear,,,,,6,Female,,,
157,Linear,,,,,7,Female,,,
157,Linear,,,,,8,Female,,,
157,Linear,,,,,9,Female,,,
157,Linear,,,,,10,Female,,,
157,Linear,,,,,11,Female,,,
157,Linear,,,,,12,Female,,,
157,Linear,,,,,13,Female,,,
157,Linear,,,,,14,Female,,,
157,Linear,,,,,15,Female,,,
157,Linear,,,,,16,Female,,,
158,Linear,Menton-Anterior Nasal Spine,ME-ANS,1-10,menton_ans,6,Male,37,63.7,4
158,Linear,Menton-Anterior Nasal Spine,ME-ANS,1-10,menton_ans,7,Male,44,65.5,4.4
158,Linear,Menton-Anterior Nasal Spine,ME-ANS,1-10,menton_ans,8,Male,44,66.6,4.4
158,Linear,Menton-Anterior Nasal Spine,ME-ANS,1-10,menton_ans,9,Male,46,67.3,4.3
158,Linear,Menton-Anterior Nasal Spine,ME-ANS,1-10,menton_ans,10,Male,45,68.9,4.9
158,Linear,Menton-Anterior Nasal Spine,ME-ANS,1-10,menton_ans,11,Male,43,70.3,4.8
158,Linear,Menton-Anterior Nasal Spine,ME-ANS,1-10,menton_ans,12,Male,44,71.1,5.1
158,Linear,Menton-Anterior Nasal Spine,ME-ANS,1-10,menton_ans,13,Male,42,72,5.6
158,Linear,Menton-Anterior Nasal Spine,ME-ANS,1-10,menton_ans,14,Male,39,74.3,5.8
158,Linear,Menton-Anterior Nasal Spine,ME-ANS,1-10,menton_ans,15,Male,32,76.7,6.4
158,Linear,Menton-Anterior Nasal Spine,ME-ANS,1-10,menton_ans,16,Male,23,79.5,6.2
158,Linear,Menton-Anterior Nasal Spine,ME-ANS,1-10,menton_ans,6,Female,25,61.6,3.9
158,Linear,Menton-Anterior Nasal Spine,ME-ANS,1-10,menton_ans,7,Female,31,63.6,4.1
158,Linear,Menton-Anterior Nasal Spine,ME-ANS,1-10,menton_ans,8,Female,36,63.5,4.2
158,Linear,Menton-Anterior Nasal Spine,ME-ANS,1-10,menton_ans,9,Female,31,64.1,4.6
158,Linear,Menton-Anterior Nasal Spine,ME-ANS,1-10,menton_ans,10,Female,35,65.3,4.9
158,Linear,Menton-Anterior Nasal Spine,ME-ANS,1-10,menton_ans,11,Female,30,65.8,4.6
158,Linear,Menton-Anterior Nasal Spine,ME-ANS,1-10,menton_ans,12,Female,27,66.5,3.8
158,Linear,Menton-Anterior Nasal Spine,ME-ANS,1-10,menton_ans,13,Female,29,68.1,4.5
158,Linear,Menton-Anterior Nasal Spine,ME-ANS,1-10,menton_ans,14,Female,25,69.7,5
158,Linear,Menton-Anterior Nasal Spine,ME-ANS,1-10,menton_ans,15,Female,19,69.5,5.3
158,Linear,Menton-Anterior Nasal Spine,ME-ANS,1-10,menton_ans,16,Female,9,69.3,5.2
159,Linear,,,,,6,Male,,,
159,Linear,,,,,7,Male,,,
159,Linear,,,,,8,Male,,,
159,Linear,,,,,9,Male,,,
159,Linear,,,,,10,Male,,,
159,Linear,,,,,11,Male,,,
159,Linear,,,,,12,Male,,,
159,Linear,,,,,13,Male,,,
159,Linear,,,,,14,Male,,,
159,Linear,,,,,15,Male,,,
159,Linear,,,,,16,Male,,,
159,Linear,,,,,6,Female,,,
159,Linear,,,,,7,Female,,,
159,Linear,,,,,8,Female,,,
159,Linear,,,,,9,Female,,,
159,Linear,,,,,10,Female,,,
159,Linear,,,,,11,Female,,,
159,Linear,,,,,12,Female,,,
159,Linear,,,,,13,Female,,,
159,Linear,,,,,14,Female,,,
159,Linear,,,,,15,Female,,,
159,Linear,,,,,16,Female,,,
160,Linear,Menton-Nasion,ME-N,1-38,nasion_menton,6,Male,37,106.7,5.2
160,Linear,Menton-Nasion,ME-N,1-38,nasion_menton,7,Male,44,110.7,5.8
160,Linear,Menton-Nasion,ME-N,1-38,nasion_menton,8,Male,44,113.6,5.6
160,Linear,Menton-Nasion,ME-N,1-38,nasion_menton,9,Male,46,115.9,5.4
160,Linear,Menton-Nasion,ME-N,1-38,nasion_menton,10,Male,45,118.7,5.7
160,Linear,Menton-Nasion,ME-N,1-38,nasion_menton,11,Male,43,121.5,6
160,Linear,Menton-Nasion,ME-N,1-38,nasion_menton,12,Male,44,123.3,6.3
160,Linear,Menton-Nasion,ME-N,1-38,nasion_menton,13,Male,42,126.6,7
160,Linear,Menton-Nasion,ME-N,1-38,nasion_menton,14,Male,39,130.3,7.9
160,Linear,Menton-Nasion,ME-N,1-38,nasion_menton,15,Male,32,133.8,7.8
160,Linear,Menton-Nasion,ME-N,1-38,nasion_menton,16,Male,23,136.8,7.9
160,Linear,Menton-Nasion,ME-N,1-38,nasion_menton,6,Female,25,105,5.1
160,Linear,Menton-Nasion,ME-N,1-38,nasion_menton,7,Female,31,107.8,5.3
160,Linear,Menton-Nasion,ME-N,1-38,nasion_menton,8,Female,36,109.5,5.4
160,Linear,Menton-Nasion,ME-N,1-38,nasion_menton,9,Female,31,112.1,5.7
160,Linear,Menton-Nasion,ME-N,1-38,nasion_menton,10,Female,35,115.1,6.7
160,Linear,Menton-Nasion,ME-N,1-38,nasion_menton,11,Female,30,116.2,6.4
160,Linear,Menton-Nasion,ME-N,1-38,nasion_menton,12,Female,27,118.2,6
160,Linear,Menton-Nasion,ME-N,1-38,nasion_menton,13,Female,29,120.7,5.8
160,Linear,Menton-Nasion,ME-N,1-38,nasion_menton,14,Female,25,122.3,5.9
160,Linear,Menton-Nasion,ME-N,1-38,nasion_menton,15,Female,19,122.7,6.4
160,Linear,Menton-Nasion,ME-N,1-38,nasion_menton,16,Female,9,123.2,5.1
161,Linear,,,,,6,Male,,,
161,Linear,,,,,7,Male,,,
161,Linear,,,,,8,Male,,,
161,Linear,,,,,9,Male,,,
161,Linear,,,,,10,Male,,,
161,Linear,,,,,11,Male,,,
161,Linear,,,,,12,Male,,,
161,Linear,,,,,13,Male,,,
161,Linear,,,,,14,Male,,,
161,Linear,,,,,15,Male,,,
161,Linear,,,,,16,Male,,,
161,Linear,,,,,6,Female,,,
161,Linear,,,,,7,Female,,,
161,Linear,,,,,8,Female,,,
161,Linear,,,,,9,Female,,,
161,Linear,,,,,10,Female,,,
161,Linear,,,,,11,Female,,,
161,Linear,,,,,12,Female,,,
161,Linear,,,,,13,Female,,,
161,Linear,,,,,14,Female,,,
161,Linear,,,,,15,Female,,,
161,Linear,,,,,16,Female,,,
162,Linear,,,,,6,Male,,,
162,Linear,,,,,7,Male,,,
162,Linear,,,,,8,Male,,,
162,Linear,,,,,9,Male,,,
162,Linear,,,,,10,Male,,,
162,Linear,,,,,11,Male,,,
162,Linear,,,,,12,Male,,,
162,Linear,,,,,13,Male,,,
162,Linear,,,,,14,Male,,,
162,Linear,,,,,15,Male,,,
162,Linear,,,,,16,Male,,,
162,Linear,,,,,6,Female,,,
162,Linear,,,,,7,Female,,,
162,Linear,,,,,8,Female,,,
162,Linear,,,,,9,Female,,,
162,Linear,,,,,10,Female,,,
162,Linear,,,,,11,Female,,,
162,Linear,,,,,12,Female,,,
162,Linear,,,,,13,Female,,,
162,Linear,,,,,14,Female,,,
162,Linear,,,,,15,Female,,,
162,Linear,,,,,16,Female,,,
163,Linear,,,,,6,Male,,,
163,Linear,,,,,7,Male,,,
163,Linear,,,,,8,Male,,,
163,Linear,,,,,9,Male,,,
163,Linear,,,,,10,Male,,,
163,Linear,,,,,11,Male,,,
163,Linear,,,,,12,Male,,,
163,Linear,,,,,13,Male,,,
163,Linear,,,,,14,Male,,,
163,Linear,,,,,15,Male,,,
163,Linear,,,,,16,Male,,,
163,Linear,,,,,6,Female,,,
163,Linear,,,,,7,Female,,,
163,Linear,,,,,8,Female,,,
163,Linear,,,,,9,Female,,,
163,Linear,,,,,10,Female,,,
163,Linear,,,,,11,Female,,,
163,Linear,,,,,12,Female,,,
163,Linear,,,,,13,Female,,,
163,Linear,,,,,14,Female,,,
163,Linear,,,,,15,Female,,,
163,Linear,,,,,16,Female,,,
164,Linear,,,,,6,Male,,,
164,Linear,,,,,7,Male,,,
164,Linear,,,,,8,Male,,,
164,Linear,,,,,9,Male,,,
164,Linear,,,,,10,Male,,,
164,Linear,,,,,11,Male,,,
164,Linear,,,,,12,Male,,,
164,Linear,,,,,13,Male,,,
164,Linear,,,,,14,Male,,,
164,Linear,,,,,15,Male,,,
164,Linear,,,,,16,Male,,,
164,Linear,,,,,6,Female,,,
164,Linear,,,,,7,Female,,,
164,Linear,,,,,8,Female,,,
164,Linear,,,,,9,Female,,,
164,Linear,,,,,10,Female,,,
164,Linear,,,,,11,Female,,,
164,Linear,,,,,12,Female,,,
164,Linear,,,,,13,Female,,,
164,Linear,,,,,14,Female,,,
164,Linear,,,,,15,Female,,,
164,Linear,,,,,16,Female,,,
165,Linear,,,,,6,Male,,,
165,Linear,,,,,7,Male,,,
165,Linear,,,,,8,Male,,,
165,Linear,,,,,9,Male,,,
165,Linear,,,,,10,Male,,,
165,Linear,,,,,11,Male,,,
165,Linear,,,,,12,Male,,,
165,Linear,,,,,13,Male,,,
165,Linear,,,,,14,Male,,,
165,Linear,,,,,15,Male,,,
165,Linear,,,,,16,Male,,,
165,Linear,,,,,6,Female,,,
165,Linear,,,,,7,Female,,,
165,Linear,,,,,8,Female,,,
165,Linear,,,,,9,Female,,,
165,Linear,,,,,10,Female,,,
165,Linear,,,,,11,Female,,,
165,Linear,,,,,12,Female,,,
165,Linear,,,,,13,Female,,,
165,Linear,,,,,14,Female,,,
165,Linear,,,,,15,Female,,,
165,Linear,,,,,16,Female,,,
166,Linear,,,,,6,Male,,,
166,Linear,,,,,7,Male,,,
166,Linear,,,,,8,Male,,,
166,Linear,,,,,9,Male,,,
166,Linear,,,,,10,Male,,,
166,Linear,,,,,11,Male,,,
166,Linear,,,,,12,Male,,,
166,Linear,,,,,13,Male,,,
166,Linear,,,,,14,Male,,,
166,Linear,,,,,15,Male,,,
166,Linear,,,,,16,Male,,,
166,Linear,,,,,6,Female,,,
166,Linear,,,,,7,Female,,,
166,Linear,,,,,8,Female,,,
166,Linear,,,,,9,Female,,,
166,Linear,,,,,10,Female,,,
166,Linear,,,,,11,Female,,,
166,Linear,,,,,12,Female,,,
166,Linear,,,,,13,Female,,,
166,Linear,,,,,14,Female,,,
166,Linear,,,,,15,Female,,,
166,Linear,,,,,16,Female,,,
167,Linear,,,,,6,Male,,,
167,Linear,,,,,7,Male,,,
167,Linear,,,,,8,Male,,,
167,Linear,,,,,9,Male,,,
167,Linear,,,,,10,Male,,,
167,Linear,,,,,11,Male,,,
167,Linear,,,,,12,Male,,,
167,Linear,,,,,13,Male,,,
167,Linear,,,,,14,Male,,,
167,Linear,,,,,15,Male,,,
167,Linear,,,,,16,Male,,,
167,Linear,,,,,6,Female,,,
167,Linear,,,,,7,Female,,,
167,Linear,,,,,8,Female,,,
167,Linear,,,,,9,Female,,,
167,Linear,,,,,10,Female,,,
167,Linear,,,,,11,Female,,,
167,Linear,,,,,12,Female,,,
167,Linear,,,,,13,Female,,,
167,Linear,,,,,14,Female,,,
167,Linear,,,,,15,Female,,,
167,Linear,,,,,16,Female,,,
168,Linear,,,,,6,Male,,,
168,Linear,,,,,7,Male,,,
168,Linear,,,,,8,Male,,,
168,Linear,,,,,9,Male,,,
168,Linear,,,,,10,Male,,,
168,Linear,,,,,11,Male,,,
168,Linear,,,,,12,Male,,,
168,Linear,,,,,13,Male,,,
168,Linear,,,,,14,Male,,,
168,Linear,,,,,15,Male,,,
168,Linear,,,,,16,Male,,,
168,Linear,,,,,6,Female,,,
168,Linear,,,,,7,Female,,,
168,Linear,,,,,8,Female,,,
168,Linear,,,,,9,Female,,,
168,Linear,,,,,10,Female,,,
168,Linear,,,,,11,Female,,,
168,Linear,,,,,12,Female,,,
168,Linear,,,,,13,Female,,,
168,Linear,,,,,14,Female,,,
168,Linear,,,,,15,Female,,,
168,Linear,,,,,16,Female,,,
169,Linear,,,,,6,Male,,,
169,Linear,,,,,7,Male,,,
169,Linear,,,,,8,Male,,,
169,Linear,,,,,9,Male,,,
169,Linear,,,,,10,Male,,,
169,Linear,,,,,11,Male,,,
169,Linear,,,,,12,Male,,,
169,Linear,,,,,13,Male,,,
169,Linear,,,,,14,Male,,,
169,Linear,,,,,15,Male,,,
169,Linear,,,,,16,Male,,,
169,Linear,,,,,6,Female,,,
169,Linear,,,,,7,Female,,,
169,Linear,,,,,8,Female,,,
169,Linear,,,,,9,Female,,,
169,Linear,,,,,10,Female,,,
169,Linear,,,,,11,Female,,,
169,Linear,,,,,12,Female,,,
169,Linear,,,,,13,Female,,,
169,Linear,,,,,14,Female,,,
169,Linear,,,,,15,Female,,,
169,Linear,,,,,16,Female,,,
170,Linear,,,,,6,Male,,,
170,Linear,,,,,7,Male,,,
170,Linear,,,,,8,Male,,,
170,Linear,,,,,9,Male,,,
170,Linear,,,,,10,Male,,,
170,Linear,,,,,11,Male,,,
170,Linear,,,,,12,Male,,,
170,Linear,,,,,13,Male,,,
170,Linear,,,,,14,Male,,,
170,Linear,,,,,15,Male,,,
170,Linear,,,,,16,Male,,,
170,Linear,,,,,6,Female,,,
170,Linear,,,,,7,Female,,,
170,Linear,,,,,8,Female,,,
170,Linear,,,,,9,Female,,,
170,Linear,,,,,10,Female,,,
170,Linear,,,,,11,Female,,,
170,Linear,,,,,12,Female,,,
170,Linear,,,,,13,Female,,,
170,Linear,,,,,14,Female,,,
170,Linear,,,,,15,Female,,,
170,Linear,,,,,16,Female,,,
171,Linear,,,,,6,Male,,,
171,Linear,,,,,7,Male,,,
171,Linear,,,,,8,Male,,,
171,Linear,,,,,9,Male,,,
171,Linear,,,,,10,Male,,,
171,Linear,,,,,11,Male,,,
171,Linear,,,,,12,Male,,,
171,Linear,,,,,13,Male,,,
171,Linear,,,,,14,Male,,,
171,Linear,,,,,15,Male,,,
171,Linear,,,,,16,Male,,,
171,Linear,,,,,6,Female,,,
171,Linear,,,,,7,Female,,,
171,Linear,,,,,8,Female,,,
171,Linear,,,,,9,Female,,,
171,Linear,,,,,10,Female,,,
171,Linear,,,,,11,Female,,,
171,Linear,,,,,12,Female,,,
171,Linear,,,,,13,Female,,,
171,Linear,,,,,14,Female,,,
171,Linear,,,,,15,Female,,,
171,Linear,,,,,16,Female,,,
172,Linear,,,,,6,Male,,,
172,Linear,,,,,7,Male,,,
172,Linear,,,,,8,Male,,,
172,Linear,,,,,9,Male,,,
172,Linear,,,,,10,Male,,,
172,Linear,,,,,11,Male,,,
172,Linear,,,,,12,Male,,,
172,Linear,,,,,13,Male,,,
172,Linear,,,,,14,Male,,,
172,Linear,,,,,15,Male,,,
172,Linear,,,,,16,Male,,,
172,Linear,,,,,6,Female,,,
172,Linear,,,,,7,Female,,,
172,Linear,,,,,8,Female,,,
172,Linear,,,,,9,Female,,,
172,Linear,,,,,10,Female,,,
172,Linear,,,,,11,Female,,,
172,Linear,,,,,12,Female,,,
172,Linear,,,,,13,Female,,,
172,Linear,,,,,14,Female,,,
172,Linear,,,,,15,Female,,,
172,Linear,,,,,16,Female,,,
173,Linear,Sella-Gonion,S-GO,35-27,sella_gonion,6,Male,37,65.9,4.7
173,Linear,Sella-Gonion,S-GO,35-27,sella_gonion,7,Male,44,67.4,4.6
173,Linear,Sella-Gonion,S-GO,35-27,sella_gonion,8,Male,44,70,4.3
173,Linear,Sella-Gonion,S-GO,35-27,sella_gonion,9,Male,46,71.9,4.4
173,Linear,Sella-Gonion,S-GO,35-27,sella_gonion,10,Male,45,73.6,4.6
173,Linear,Sella-Gonion,S-GO,35-27,sella_gonion,11,Male,43,75.4,4.9
173,Linear,Sella-Gonion,S-GO,35-27,sella_gonion,12,Male,44,77.6,5.3
173,Linear,Sella-Gonion,S-GO,35-27,sella_gonion,13,Male,43,80.3,6.1
173,Linear,Sella-Gonion,S-GO,35-27,sella_gonion,14,Male,40,82.9,5.6
173,Linear,Sella-Gonion,S-GO,35-27,sella_gonion,15,Male,33,85.4,5.6
173,Linear,Sella-Gonion,S-GO,35-27,sella_gonion,16,Male,23,88.2,5.9
173,Linear,Sella-Gonion,S-GO,35-27,sella_gonion,6,Female,25,62.8,4.3
173,Linear,Sella-Gonion,S-GO,35-27,sella_gonion,7,Female,31,64.6,4.4
173,Linear,Sella-Gonion,S-GO,35-27,sella_gonion,8,Female,36,66.4,4
173,Linear,Sella-Gonion,S-GO,35-27,sella_gonion,9,Female,31,68.5,4.4
173,Linear,Sella-Gonion,S-GO,35-27,sella_gonion,10,Female,35,70.2,4.1
173,Linear,Sella-Gonion,S-GO,35-27,sella_gonion,11,Female,30,71.1,4.4
173,Linear,Sella-Gonion,S-GO,35-27,sella_gonion,12,Female,27,73.7,5.1
173,Linear,Sella-Gonion,S-GO,35-27,sella_gonion,13,Female,29,74.8,4.4
173,Linear,Sella-Gonion,S-GO,35-27,sella_gonion,14,Female,25,76.6,5.5
173,Linear,Sella-Gonion,S-GO,35-27,sella_gonion,15,Female,19,78.2,5.1
173,Linear,Sella-Gonion,S-GO,35-27,sella_gonion,16,Female,9,79.1,4.3
174,Linear,,,,,6,Male,,,
174,Linear,,,,,7,Male,,,
174,Linear,,,,,8,Male,,,
174,Linear,,,,,9,Male,,,
174,Linear,,,,,10,Male,,,
174,Linear,,,,,11,Male,,,
174,Linear,,,,,12,Male,,,
174,Linear,,,,,13,Male,,,
174,Linear,,,,,14,Male,,,
174,Linear,,,,,15,Male,,,
174,Linear,,,,,16,Male,,,
174,Linear,,,,,6,Female,,,
174,Linear,,,,,7,Female,,,
174,Linear,,,,,8,Female,,,
174,Linear,,,,,9,Female,,,
174,Linear,,,,,10,Female,,,
174,Linear,,,,,11,Female,,,
174,Linear,,,,,12,Female,,,
174,Linear,,,,,13,Female,,,
174,Linear,,,,,14,Female,,,
174,Linear,,,,,15,Female,,,
174,Linear,,,,,16,Female,,,
175,Linear,,,,,6,Male,,,
175,Linear,,,,,7,Male,,,
175,Linear,,,,,8,Male,,,
175,Linear,,,,,9,Male,,,
175,Linear,,,,,10,Male,,,
175,Linear,,,,,11,Male,,,
175,Linear,,,,,12,Male,,,
175,Linear,,,,,13,Male,,,
175,Linear,,,,,14,Male,,,
175,Linear,,,,,15,Male,,,
175,Linear,,,,,16,Male,,,
175,Linear,,,,,6,Female,,,
175,Linear,,,,,7,Female,,,
175,Linear,,,,,8,Female,,,
175,Linear,,,,,9,Female,,,
175,Linear,,,,,10,Female,,,
175,Linear,,,,,11,Female,,,
175,Linear,,,,,12,Female,,,
175,Linear,,,,,13,Female,,,
175,Linear,,,,,14,Female,,,
175,Linear,,,,,15,Female,,,
175,Linear,,,,,16,Female,,,
176,Linear,,,,,6,Male,,,
176,Linear,,,,,7,Male,,,
176,Linear,,,,,8,Male,,,
176,Linear,,,,,9,Male,,,
176,Linear,,,,,10,Male,,,
176,Linear,,,,,11,Male,,,
176,Linear,,,,,12,Male,,,
176,Linear,,,,,13,Male,,,
176,Linear,,,,,14,Male,,,
176,Linear,,,,,15,Male,,,
176,Linear,,,,,16,Male,,,
176,Linear,,,,,6,Female,,,
176,Linear,,,,,7,Female,,,
176,Linear,,,,,8,Female,,,
176,Linear,,,,,9,Female,,,
176,Linear,,,,,10,Female,,,
176,Linear,,,,,11,Female,,,
176,Linear,,,,,12,Female,,,
176,Linear,,,,,13,Female,,,
176,Linear,,,,,14,Female,,,
176,Linear,,,,,15,Female,,,
176,Linear,,,,,16,Female,,,
177,Linear,,,,,6,Male,,,
177,Linear,,,,,7,Male,,,
177,Linear,,,,,8,Male,,,
177,Linear,,,,,9,Male,,,
177,Linear,,,,,10,Male,,,
177,Linear,,,,,11,Male,,,
177,Linear,,,,,12,Male,,,
177,Linear,,,,,13,Male,,,
177,Linear,,,,,14,Male,,,
177,Linear,,,,,15,Male,,,
177,Linear,,,,,16,Male,,,
177,Linear,,,,,6,Female,,,
177,Linear,,,,,7,Female,,,
177,Linear,,,,,8,Female,,,
177,Linear,,,,,9,Female,,,
177,Linear,,,,,10,Female,,,
177,Linear,,,,,11,Female,,,
177,Linear,,,,,12,Female,,,
177,Linear,,,,,13,Female,,,
177,Linear,,,,,14,Female,,,
177,Linear,,,,,15,Female,,,
177,Linear,,,,,16,Female,,,
178,Linear,,,,,6,Male,,,
178,Linear,,,,,7,Male,,,
178,Linear,,,,,8,Male,,,
178,Linear,,,,,9,Male,,,
178,Linear,,,,,10,Male,,,
178,Linear,,,,,11,Male,,,
178,Linear,,,,,12,Male,,,
178,Linear,,,,,13,Male,,,
178,Linear,,,,,14,Male,,,
178,Linear,,,,,15,Male,,,
178,Linear,,,,,16,Male,,,
178,Linear,,,,,6,Female,,,
178,Linear,,,,,7,Female,,,
178,Linear,,,,,8,Female,,,
178,Linear,,,,,9,Female,,,
178,Linear,,,,,10,Female,,,
178,Linear,,,,,11,Female,,,
178,Linear,,,,,12,Female,,,
178,Linear,,,,,13,Female,,,
178,Linear,,,,,14,Female,,,
178,Linear,,,,,15,Female,,,
178,Linear,,,,,16,Female,,,
179,Linear,,,,,6,Male,,,
179,Linear,,,,,7,Male,,,
179,Linear,,,,,8,Male,,,
179,Linear,,,,,9,Male,,,
179,Linear,,,,,10,Male,,,
179,Linear,,,,,11,Male,,,
179,Linear,,,,,12,Male,,,
179,Linear,,,,,13,Male,,,
179,Linear,,,,,14,Male,,,
179,Linear,,,,,15,Male,,,
179,Linear,,,,,16,Male,,,
179,Linear,,,,,6,Female,,,
179,Linear,,,,,7,Female,,,
179,Linear,,,,,8,Female,,,
179,Linear,,,,,9,Female,,,
179,Linear,,,,,10,Female,,,
179,Linear,,,,,11,Female,,,
179,Linear,,,,,12,Female,,,
179,Linear,,,,,13,Female,,,
179,Linear,,,,,14,Female,,,
179,Linear,,,,,15,Female,,,
179,Linear,,,,,16,Female,,,
180,Linear,,,,,6,Male,,,
180,Linear,,,,,7,Male,,,
180,Linear,,,,,8,Male,,,
180,Linear,,,,,9,Male,,,
180,Linear,,,,,10,Male,,,
180,Linear,,,,,11,Male,,,
180,Linear,,,,,12,Male,,,
180,Linear,,,,,13,Male,,,
180,Linear,,,,,14,Male,,,
180,Linear,,,,,15,Male,,,
180,Linear,,,,,16,Male,,,
180,Linear,,,,,6,Female,,,
180,Linear,,,,,7,Female,,,
180,Linear,,,,,8,Female,,,
180,Linear,,,,,9,Female,,,
180,Linear,,,,,10,Female,,,
180,Linear,,,,,11,Female,,,
180,Linear,,,,,12,Female,,,
180,Linear,,,,,13,Female,,,
180,Linear,,,,,14,Female,,,
180,Linear,,,,,15,Female,,,
180,Linear,,,,,16,Female,,,
181,Linear,,,,,6,Male,,,
181,Linear,,,,,7,Male,,,
181,Linear,,,,,8,Male,,,
181,Linear,,,,,9,Male,,,
181,Linear,,,,,10,Male,,,
181,Linear,,,,,11,Male,,,
181,Linear,,,,,12,Male,,,
181,Linear,,,,,13,Male,,,
181,Linear,,,,,14,Male,,,
181,Linear,,,,,15,Male,,,
181,Linear,,,,,16,Male,,,
181,Linear,,,,,6,Female,,,
181,Linear,,,,,7,Female,,,
181,Linear,,,,,8,Female,,,
181,Linear,,,,,9,Female,,,
181,Linear,,,,,10,Female,,,
181,Linear,,,,,11,Female,,,
181,Linear,,,,,12,Female,,,
181,Linear,,,,,13,Female,,,
181,Linear,,,,,14,Female,,,
181,Linear,,,,,15,Female,,,
181,Linear,,,,,16,Female,,,
182,Linear,,,,,6,Male,,,
182,Linear,,,,,7,Male,,,
182,Linear,,,,,8,Male,,,
182,Linear,,,,,9,Male,,,
182,Linear,,,,,10,Male,,,
182,Linear,,,,,11,Male,,,
182,Linear,,,,,12,Male,,,
182,Linear,,,,,13,Male,,,
182,Linear,,,,,14,Male,,,
182,Linear,,,,,15,Male,,,
182,Linear,,,,,16,Male,,,
182,Linear,,,,,6,Female,,,
182,Linear,,,,,7,Female,,,
182,Linear,,,,,8,Female,,,
182,Linear,,,,,9,Female,,,
182,Linear,,,,,10,Female,,,
182,Linear,,,,,11,Female,,,
182,Linear,,,,,12,Female,,,
182,Linear,,,,,13,Female,,,
182,Linear,,,,,14,Female,,,
182,Linear,,,,,15,Female,,,
182,Linear,,,,,16,Female,,,
183,Linear,,,,,6,Male,,,
183,Linear,,,,,7,Male,,,
183,Linear,,,,,8,Male,,,
183,Linear,,,,,9,Male,,,
183,Linear,,,,,10,Male,,,
183,Linear,,,,,11,Male,,,
183,Linear,,,,,12,Male,,,
183,Linear,,,,,13,Male,,,
183,Linear,,,,,14,Male,,,
183,Linear,,,,,15,Male,,,
183,Linear,,,,,16,Male,,,
183,Linear,,,,,6,Female,,,
183,Linear,,,,,7,Female,,,
183,Linear,,,,,8,Female,,,
183,Linear,,,,,9,Female,,,
183,Linear,,,,,10,Female,,,
183,Linear,,,,,11,Female,,,
183,Linear,,,,,12,Female,,,
183,Linear,,,,,13,Female,,,
183,Linear,,,,,14,Female,,,
183,Linear,,,,,15,Female,,,
183,Linear,,,,,16,Female,,,
184,Linear,,,,,6,Male,,,
184,Linear,,,,,7,Male,,,
184,Linear,,,,,8,Male,,,
184,Linear,,,,,9,Male,,,
184,Linear,,,,,10,Male,,,
184,Linear,,,,,11,Male,,,
184,Linear,,,,,12,Male,,,
184,Linear,,,,,13,Male,,,
184,Linear,,,,,14,Male,,,
184,Linear,,,,,15,Male,,,
184,Linear,,,,,16,Male,,,
184,Linear,,,,,6,Female,,,
184,Linear,,,,,7,Female,,,
184,Linear,,,,,8,Female,,,
184,Linear,,,,,9,Female,,,
184,Linear,,,,,10,Female,,,
184,Linear,,,,,11,Female,,,
184,Linear,,,,,12,Female,,,
184,Linear,,,,,13,Female,,,
184,Linear,,,,,14,Female,,,
184,Linear,,,,,15,Female,,,
184,Linear,,,,,16,Female,,,
185,Linear,,,,,6,Male,,,
185,Linear,,,,,7,Male,,,
185,Linear,,,,,8,Male,,,
185,Linear,,,,,9,Male,,,
185,Linear,,,,,10,Male,,,
185,Linear,,,,,11,Male,,,
185,Linear,,,,,12,Male,,,
185,Linear,,,,,13,Male,,,
185,Linear,,,,,14,Male,,,
185,Linear,,,,,15,Male,,,
185,Linear,,,,,16,Male,,,
185,Linear,,,,,6,Female,,,
185,Linear,,,,,7,Female,,,
185,Linear,,,,,8,Female,,,
185,Linear,,,,,9,Female,,,
185,Linear,,,,,10,Female,,,
185,Linear,,,,,11,Female,,,
185,Linear,,,,,12,Female,,,
185,Linear,,,,,13,Female,,,
185,Linear,,,,,14,Female,,,
185,Linear,,,,,15,Female,,,
185,Linear,,,,,16,Female,,,
186,Linear,,,,,6,Male,,,
186,Linear,,,,,7,Male,,,
186,Linear,,,,,8,Male,,,
186,Linear,,,,,9,Male,,,
186,Linear,,,,,10,Male,,,
186,Linear,,,,,11,Male,,,
186,Linear,,,,,12,Male,,,
186,Linear,,,,,13,Male,,,
186,Linear,,,,,14,Male,,,
186,Linear,,,,,15,Male,,,
186,Linear,,,,,16,Male,,,
186,Linear,,,,,6,Female,,,
186,Linear,,,,,7,Female,,,
186,Linear,,,,,8,Female,,,
186,Linear,,,,,9,Female,,,
186,Linear,,,,,10,Female,,,
186,Linear,,,,,11,Female,,,
186,Linear,,,,,12,Female,,,
186,Linear,,,,,13,Female,,,
186,Linear,,,,,14,Female,,,
186,Linear,,,,,15,Female,,,
186,Linear,,,,,16,Female,,,
187,Linear,,,,,6,Male,,,
187,Linear,,,,,7,Male,,,
187,Linear,,,,,8,Male,,,
187,Linear,,,,,9,Male,,,
187,Linear,,,,,10,Male,,,
187,Linear,,,,,11,Male,,,
187,Linear,,,,,12,Male,,,
187,Linear,,,,,13,Male,,,
187,Linear,,,,,14,Male,,,
187,Linear,,,,,15,Male,,,
187,Linear,,,,,16,Male,,,
187,Linear,,,,,6,Female,,,
187,Linear,,,,,7,Female,,,
187,Linear,,,,,8,Female,,,
187,Linear,,,,,9,Female,,,
187,Linear,,,,,10,Female,,,
187,Linear,,,,,11,Female,,,
187,Linear,,,,,12,Female,,,
187,Linear,,,,,13,Female,,,
187,Linear,,,,,14,Female,,,
187,Linear,,,,,15,Female,,,
187,Linear,,,,,16,Female,,,
188,Linear,,,,,6,Male,,,
188,Linear,,,,,7,Male,,,
188,Linear,,,,,8,Male,,,
188,Linear,,,,,9,Male,,,
188,Linear,,,,,10,Male,,,
188,Linear,,,,,11,Male,,,
188,Linear,,,,,12,Male,,,
188,Linear,,,,,13,Male,,,
188,Linear,,,,,14,Male,,,
188,Linear,,,,,15,Male,,,
188,Linear,,,,,16,Male,,,
188,Linear,,,,,6,Female,,,
188,Linear,,,,,7,Female,,,
188,Linear,,,,,8,Female,,,
188,Linear,,,,,9,Female,,,
188,Linear,,,,,10,Female,,,
188,Linear,,,,,11,Female,,,
188,Linear,,,,,12,Female,,,
188,Linear,,,,,13,Female,,,
188,Linear,,,,,14,Female,,,
188,Linear,,,,,15,Female,,,
188,Linear,,,,,16,Female,,,
